State, Facility Name, Facility ID (ORISPL), Unit ID, Associated Stacks, Year, Program(s), EPA Region, NERC Region, County, County Code, FIPS Code, Source Category, Facility Latitude, Facility Longitude, Owner, Operator, Representative (Primary), Representative (Secondary), SO2 Phase, NOx Phase, Unit Type, Fuel Type (Primary), Fuel Type (Secondary), SO2 Control(s), NOx Control(s), PM Control(s), Hg Control(s), Commercial Operation Date, Operating Status, Max Hourly HI Rate (MMBtu/hr),,,,,,
NY,"Black River Generation, LLC",10464,E0001,CS-1,2019,"CSNOX, CSOSG2, CSSO2G1, RGGI",2,NPCC,Jefferson County,NY045,45,Electric Utility,44.0361,-75.7712,"Black River Generation, LLC","Black River Generation, LLC",William H Ralston (606650),,,,Circulating fluidized bed boiler,Wood,"Other Solid Fuel, Petroleum Coke, Tire Derived Fuel",,,Baghouse,,11/1/1991,Operating,288,,,,,,
NY,"Black River Generation, LLC",10464,E0002,CS-1,2019,"CSNOX, CSOSG2, CSSO2G1, RGGI",2,NPCC,Jefferson County,NY045,45,Electric Utility,44.0361,-75.7712,"Black River Generation, LLC","Black River Generation, LLC",William H Ralston (606650),,,,Circulating fluidized bed boiler,Wood,"Other Solid Fuel, Petroleum Coke, Tire Derived Fuel",,,Baghouse,,11/1/1991,Operating,288,,Unit Type, Fuel Type (Primary),Count, Average Max Hourly HI Rate (MMBtu/hr),Average by Unit Type
NY,"Black River Generation, LLC",10464,E0003,CS-1,2019,"CSNOX, CSOSG2, CSSO2G1, RGGI",2,NPCC,Jefferson County,NY045,45,Electric Utility,44.0361,-75.7712,"Black River Generation, LLC","Black River Generation, LLC",William H Ralston (606650),,,,Circulating fluidized bed boiler,Wood,"Other Solid Fuel, Petroleum Coke, Tire Derived Fuel",,,Baghouse,,11/1/1991,Operating,288,,Circulating fluidized bed boiler,Wood,3,288,288
NY,Valley Energy Center,56940,1,,2019,"ARP, CSNOX, CSOSG2, CSSO2G1, RGGI",2,,Orange County,NY071,71,Electric Utility,41.413,-74.435,CPV Valley LLC,Diamond Generating Corporation,Donald G Atwood (602660),Ben Stanley (603409),Phase 2,,Combined cycle,Pipeline Natural Gas,Diesel Oil,,Selective Catalytic Reduction,,,1/25/2018,Operating,2734,,Combined cycle,Pipeline Natural Gas,62,1533.254839,1533.254839
NY,Valley Energy Center,56940,2,,2019,"ARP, CSNOX, CSOSG2, CSSO2G1, RGGI",2,,Orange County,NY071,71,Electric Utility,41.413,-74.435,CPV Valley LLC,Diamond Generating Corporation,Donald G Atwood (602660),Ben Stanley (603409),Phase 2,,Combined cycle,Pipeline Natural Gas,Diesel Oil,,Selective Catalytic Reduction,,,1/24/2018,Operating,2734,,Combustion turbine,Diesel Oil,31,535.9677419,435.8284211
NY,"Empire Generating Co, LLC",56259,CT-1,,2019,"ARP, CSNOX, CSOSG2, CSSO2G1, RGGI",2,NPCC,Rensselaer County,NY083,83,Electric Utility,42.6296,-73.749,"Empire Generating Co, LLC","Empire Generating Co, LLC, NAES Corporation","Kurt Nuss (608408) (Ended Oct 21, 2019)<br>Chester Szymanski (609577) (Started Oct 21, 2019)","Brock Shealy (606904) (Ended Oct 15, 2019)<br>Janis Fallon (605643) (Started Oct 15, 2019)",Phase 2,,Combined cycle,Pipeline Natural Gas,Diesel Oil,,Dry Low NOx Burners<br>Water Injection<br>Selective Catalytic Reduction,,,5/26/2010,Operating,2750,,Combustion turbine,Pipeline Natural Gas,64,387.3234375,
NY,"Empire Generating Co, LLC",56259,CT-2,,2019,"ARP, CSNOX, CSOSG2, CSSO2G1, RGGI",2,NPCC,Rensselaer County,NY083,83,Electric Utility,42.6296,-73.749,"Empire Generating Co, LLC","Empire Generating Co, LLC, NAES Corporation","Kurt Nuss (608408) (Ended Oct 21, 2019)<br>Chester Szymanski (609577) (Started Oct 21, 2019)","Brock Shealy (606904) (Ended Oct 15, 2019)<br>Janis Fallon (605643) (Started Oct 15, 2019)",Phase 2,,Combined cycle,Pipeline Natural Gas,Diesel Oil,,Dry Low NOx Burners<br>Water Injection<br>Selective Catalytic Reduction,,,6/3/2010,Operating,2750,,Dry bottom wall-fired boiler,Coal,1,6280,4297.5
NY,Brooklyn Navy Yard Cogeneration,54914,1,,2019,"ARP, CSNOX, CSOSG2, CSSO2G1, RGGI",2,NPCC,Kings County,NY047,47,Cogeneration,40.6994,-73.9758,Brooklyn Navy Yard Cogeneration,"BNY Power OPerations, LLC",Mark McDaniels (2321),Carter Carlton (609210),Phase 2,,Combined cycle,Pipeline Natural Gas,Diesel Oil,,Dry Low NOx Burners<br>Water Injection<br>Selective Catalytic Reduction,,,3/1/1996,Operating,1503,,Dry bottom wall-fired boiler,Natural Gas,1,440,
NY,Brooklyn Navy Yard Cogeneration,54914,2,,2019,"ARP, CSNOX, CSOSG2, CSSO2G1, RGGI",2,NPCC,Kings County,NY047,47,Cogeneration,40.6994,-73.9758,Brooklyn Navy Yard Cogeneration,"BNY Power OPerations, LLC",Mark McDaniels (2321),Carter Carlton (609210),Phase 2,,Combined cycle,Pipeline Natural Gas,Diesel Oil,,Dry Low NOx Burners<br>Water Injection<br>Selective Catalytic Reduction,,,3/1/1996,Operating,1503,,Dry bottom wall-fired boiler,Pipeline Natural Gas,8,3242.125,
NY,East River,2493,1,,2019,"ARP, CSNOX, CSOSG2, CSSO2G1, RGGI",2,,New York County,NY061,61,Cogeneration,40.7281,-73.9742,"Consolidated Edison of New York, Inc.","Consolidated Edison of New York, Inc.",Andrea Schmitz (607301),Constantine Sanoulis (607630),Phase 2,,Combined cycle,Pipeline Natural Gas,,,Ammonia Injection<br>Selective Catalytic Reduction,,,3/8/2005,Operating,3165,,Dry bottom wall-fired boiler,Residual Oil,2,9456.5,
NY,East River,2493,2,,2019,"ARP, CSNOX, CSOSG2, CSSO2G1, RGGI",2,,New York County,NY061,61,Cogeneration,40.7281,-73.9742,"Consolidated Edison of New York, Inc.","Consolidated Edison of New York, Inc.",Andrea Schmitz (607301),Constantine Sanoulis (607630),Phase 2,,Combined cycle,Pipeline Natural Gas,,,Ammonia Injection<br>Selective Catalytic Reduction,,,3/13/2005,Operating,3165,,Tangentially-fired,Coal,6,1746.166667,3482.256667
NY,S A Carlson,2682,20,,2019,"ARP, CSNOX, CSOSG2, CSSO2G1, RGGI",2,NPCC,Chautauqua County,NY013,13,Electric Utility,42.0917,-79.2417,Jamestown Board of Public Utilities,Jamestown Board of Public Utilities,David L Leathers (603616),Cory Allen (608789),Phase 2,,Combined cycle,Pipeline Natural Gas,,,Water Injection,,,11/3/2001,Operating,554,,Tangentially-fired,Pipeline Natural Gas,20,3595.085,
NY,Independence,54547,1,,2019,"ARP, CSNOX, CSOSG2, CSSO2G1, RGGI",2,,Oswego County,NY075,75,Cogeneration,43.495,-76.4508,"Sithe/Independence Power Partners, LP","Sithe Energies Power Services, Inc.",Eric H Pahl (608838),Cynthia Vodopivec (603383),Phase 2,,Combined cycle,Pipeline Natural Gas,,,Dry Low NOx Burners<br>Selective Catalytic Reduction,,,10/1/1994,Operating,2133,,Tangentially-fired,Residual Oil,4,5522.25,
NY,Independence,54547,2,,2019,"ARP, CSNOX, CSOSG2, CSSO2G1, RGGI",2,,Oswego County,NY075,75,Cogeneration,43.495,-76.4508,"Sithe/Independence Power Partners, LP","Sithe Energies Power Services, Inc.",Eric H Pahl (608838),Cynthia Vodopivec (603383),Phase 2,,Combined cycle,Pipeline Natural Gas,,,Dry Low NOx Burners<br>Selective Catalytic Reduction,,,9/1/1994,Operating,2133,,,,,,
NY,Independence,54547,3,,2019,"ARP, CSNOX, CSOSG2, CSSO2G1, RGGI",2,,Oswego County,NY075,75,Cogeneration,43.495,-76.4508,"Sithe/Independence Power Partners, LP","Sithe Energies Power Services, Inc.",Eric H Pahl (608838),Cynthia Vodopivec (603383),Phase 2,,Combined cycle,Pipeline Natural Gas,,,Dry Low NOx Burners<br>Selective Catalytic Reduction,,,8/1/1994,Operating,2133,,Fuel Type (Primary),Unit Type,Count, Average Max Hourly HI Rate (MMBtu/hr),Average by Fuel Type
NY,Independence,54547,4,,2019,"ARP, CSNOX, CSOSG2, CSSO2G1, RGGI",2,,Oswego County,NY075,75,Cogeneration,43.495,-76.4508,"Sithe/Independence Power Partners, LP","Sithe Energies Power Services, Inc.",Eric H Pahl (608838),Cynthia Vodopivec (603383),Phase 2,,Combined cycle,Pipeline Natural Gas,,,Dry Low NOx Burners<br>Selective Catalytic Reduction,,,8/1/1994,Operating,2133,,Wood,Circulating fluidized bed boiler,3,288,288
NY,"Castleton Power, LLC",10190,1,,2019,"ARP, CSNOX, CSOSG2, CSSO2G1, RGGI",2,NPCC,Rensselaer County,NY083,83,Electric Utility,42.5375,-73.7433,"Castleton Power, LLC",Castleton Energy Services,Steve G Konisky (2616),Daniel Rotunno (2451),Phase 2,,Combined cycle,Pipeline Natural Gas,Diesel Oil,,Steam Injection,,,9/1/1992,Operating,670,,Pipeline Natural Gas,Combined cycle,62,1533.254839,1413.566234
NY,Lockport,54041,11854,,2019,"ARP, CSNOX, CSOSG2, CSSO2G1, RGGI",2,NPCC,Niagara County,NY063,63,Cogeneration,43.1622,-78.7453,"Lockport Energy Associates, LP","Lockport Energy Associates, LP",Lewis L Staley (2239),Daniel Rotunno (2451),Phase 2,,Combined cycle,Pipeline Natural Gas,Diesel Oil,,Steam Injection,,,12/28/1992,Operating,1531,,Pipeline Natural Gas,Combustion turbine,64,387.3234375,
NY,Lockport,54041,11855,,2019,"ARP, CSNOX, CSOSG2, CSSO2G1, RGGI",2,NPCC,Niagara County,NY063,63,Cogeneration,43.1622,-78.7453,"Lockport Energy Associates, LP","Lockport Energy Associates, LP",Lewis L Staley (2239),Daniel Rotunno (2451),Phase 2,,Combined cycle,Pipeline Natural Gas,Diesel Oil,,Steam Injection,,,12/28/1992,Operating,1531,,Pipeline Natural Gas,Dry bottom wall-fired boiler,8,3242.125,
NY,Lockport,54041,11856,,2019,"ARP, CSNOX, CSOSG2, CSSO2G1, RGGI",2,NPCC,Niagara County,NY063,63,Cogeneration,43.1622,-78.7453,"Lockport Energy Associates, LP","Lockport Energy Associates, LP",Lewis L Staley (2239),Daniel Rotunno (2451),Phase 2,,Combined cycle,Pipeline Natural Gas,Diesel Oil,,Steam Injection,,,12/28/1992,Operating,1531,,Pipeline Natural Gas,Tangentially-fired,20,3595.085,
NY,Indeck-Olean Energy Center,54076,1,,2019,"ARP, CSNOX, CSOSG2, CSSO2G1, RGGI",2,NPCC,Cattaraugus County,NY009,9,Cogeneration,42.0875,-78.4578,Indeck-Olean Limited Partnership,Indeck-Olean Limited Partnership,Michael D Ferguson (2911),Donald D Hittner (604404),Phase 2,,Combined cycle,Pipeline Natural Gas,Diesel Oil,,Selective Catalytic Reduction<br>Steam Injection,,,6/8/1994,Operating,789,,Diesel Oil,Combustion turbine,31,535.9677419,535.9677419
NY,Indeck-Silver Springs Energy Center,50449,1,,2019,"ARP, CSNOX, CSOSG2, CSSO2G1, RGGI",2,NPCC,Wyoming County,NY121,121,Cogeneration,42.6544,-78.0772,Indeck Energy Services of Silver Springs,Indeck Energy Services of Silver Springs,Michael D Ferguson (2911),Donald D Hittner (604404),Phase 2,,Combined cycle,Pipeline Natural Gas,Diesel Oil,,Steam Injection,,,6/1/1991,Operating,628,,Residual Oil,Dry bottom wall-fired boiler,2,9456.5,6833.666667
NY,Caithness Long Island Energy Center,56234,1,,2019,"ARP, CSNOX, CSOSG2, CSSO2G1, RGGI",2,NPCC,Suffolk County,NY103,103,Electric Utility,40.8142,-72.9403,Caithness Energy,Siemens Power Generation Operating Services Co,Thomas A Grace (1245),Gary Keevill (603822),Phase 2,,Combined cycle,Pipeline Natural Gas,Diesel Oil,,Dry Low NOx Burners<br>Water Injection<br>Ammonia Injection<br>Selective Catalytic Reduction,,,4/17/2009,Operating,2650,,Residual Oil,Tangentially-fired,4,5522.25,
NY,Allegany Station No. 133,10619,1,,2019,"ARP, CSNOX, CSOSG2, CSSO2G1, RGGI",2,NPCC,Allegany County,NY003,3,Electric Utility,42.5083,-78.0661,Allegany Generating Station,Allegany Generating Station,John B Kingston (2365),Greg Sharland (2129),Phase 2,,Combined cycle,Pipeline Natural Gas,,,Water Injection<br>Selective Catalytic Reduction,,,2/13/1996,Operating,540,,Coal,Dry bottom wall-fired boiler,1,6280,2393.857143
NY,Massena Energy Facility,54592,1,,2019,"ARP, CSNOX, CSOSG2, CSSO2G1, RGGI",2,,St. Lawrence County,NY089,89,Cogeneration,44.9503,-74.8928,"Power City Partners, LP",MEG OP Co (Morris Energy Group Operating Company),Walter J Relling (602898),Greg Sharland (2129),Phase 2,,Combined cycle,Pipeline Natural Gas,Diesel Oil,,Selective Catalytic Reduction<br>Steam Injection,,,4/1/1993,Operating,900,,Coal,Tangentially-fired,6,1746.166667,
NY,Athens Generating Company,55405,1,,2019,"ARP, CSNOX, CSOSG2, CSSO2G1, RGGI",2,,Greene County,NY039,39,Electric Utility,42.2728,-73.8492,"MACHGen, LLC, New Athens Generating Company, LLC",North American Energy Services,"Dale Lebsack (601710) (Ended Oct 09, 2019)<br>Andrea Miller (609566) (Started Oct 09, 2019)",Hank Tripp (609258),Phase 2,,Combined cycle,Pipeline Natural Gas,Diesel Oil,,Dry Low NOx Burners<br>Water Injection<br>Selective Catalytic Reduction,,,6/27/2003,Operating,3100,,Natural Gas,Dry bottom wall-fired boiler,1,440,440
NY,Athens Generating Company,55405,2,,2019,"ARP, CSNOX, CSOSG2, CSSO2G1, RGGI",2,,Greene County,NY039,39,Electric Utility,42.2728,-73.8492,"MACHGen, LLC, New Athens Generating Company, LLC",North American Energy Services,"Dale Lebsack (601710) (Ended Oct 09, 2019)<br>Andrea Miller (609566) (Started Oct 09, 2019)",Hank Tripp (609258),Phase 2,,Combined cycle,Pipeline Natural Gas,Diesel Oil,,Dry Low NOx Burners<br>Water Injection<br>Selective Catalytic Reduction,,,5/12/2003,Operating,3100,,,,,,
NY,Athens Generating Company,55405,3,,2019,"ARP, CSNOX, CSOSG2, CSSO2G1, RGGI",2,,Greene County,NY039,39,Electric Utility,42.2728,-73.8492,"MACHGen, LLC, New Athens Generating Company, LLC",North American Energy Services,"Dale Lebsack (601710) (Ended Oct 09, 2019)<br>Andrea Miller (609566) (Started Oct 09, 2019)",Hank Tripp (609258),Phase 2,,Combined cycle,Pipeline Natural Gas,Diesel Oil,,Dry Low NOx Burners<br>Water Injection<br>Selective Catalytic Reduction,,,4/8/2003,Operating,3100,,,,,,
NY,Pinelawn Power,56188,1,,2019,"ARP, CSNOX, CSOSG2, CSSO2G1, RGGI",2,,Suffolk County,NY103,103,Electric Utility,40.7358,-73.3881,"J Power USA Development Co, Ltd.","J Power USA Development Co, Ltd.",Paul E Peterson (607880),Jason White (608523),Phase 2,,Combined cycle,Pipeline Natural Gas,Other Oil,,Water Injection<br>Selective Catalytic Reduction,,,6/14/2005,Operating,850,,,,,,
NY,Indeck-Oswego Energy Center,50450,1,,2019,"ARP, CSNOX, CSOSG2, CSSO2G1, RGGI",2,NPCC,Oswego County,NY075,75,Cogeneration,43.4682,-76.4965,Indeck-Oswego Limited Partnership,Indeck-Oswego Limited Partnership,Michael D Ferguson (2911),John B Kingston (2365),Phase 2,,Combined cycle,Pipeline Natural Gas,Diesel Oil,,Steam Injection,,,5/1/1990,Operating,570,,,,,,
NY,Indeck-Yerkes Energy Center,50451,1,,2019,"ARP, CSNOX, CSOSG2, CSSO2G1, RGGI",2,NPCC,Erie County,NY029,29,Cogeneration,42.9671,-78.9182,Indeck-Yerkes Limited Partnership,Indeck-Yerkes Limited Partnership,Michael D Ferguson (2911),John B Kingston (2365),Phase 2,,Combined cycle,Pipeline Natural Gas,Diesel Oil,,Steam Injection,,,1/1/1988,Operating,627,,,,,,
NY,Poletti 500 MW CC,56196,CTG7A,,2019,"ARP, CSNOX, CSOSG2, CSSO2G1, RGGI",2,,Queens County,NY081,81,Electric Utility,40.7881,-73.9056,New York Power Authority,New York Power Authority,"John M Kahabka (604275) (Ended Apr 30, 2019)<br>Joshua P Ramos (605253) (Started Apr 30, 2019)","Joshua P Ramos (605253) (Ended Apr 30, 2019)<br>Patricia Meehan (609388) (Started Apr 30, 2019)",Phase 2,,Combined cycle,Pipeline Natural Gas,Diesel Oil,,Dry Low NOx Burners<br>Water Injection<br>Selective Catalytic Reduction,,,12/31/2005,Operating,2080,,,,,,
NY,Poletti 500 MW CC,56196,CTG7B,,2019,"ARP, CSNOX, CSOSG2, CSSO2G1, RGGI",2,,Queens County,NY081,81,Electric Utility,40.7881,-73.9056,New York Power Authority,New York Power Authority,"John M Kahabka (604275) (Ended Apr 30, 2019)<br>Joshua P Ramos (605253) (Started Apr 30, 2019)","Joshua P Ramos (605253) (Ended Apr 30, 2019)<br>Patricia Meehan (609388) (Started Apr 30, 2019)",Phase 2,,Combined cycle,Pipeline Natural Gas,Diesel Oil,,Dry Low NOx Burners<br>Water Injection<br>Selective Catalytic Reduction,,,12/31/2005,Operating,2041,,,,,,
NY,Richard M Flynn (Holtsville),7314,1,,2019,"ARP, CSNOX, CSOSG2, CSSO2G1, RGGI",2,NPCC,Suffolk County,NY103,103,Electric Utility,40.8153,-73.0644,New York Power Authority,New York Power Authority,"John M Kahabka (604275) (Ended Apr 30, 2019)<br>Joshua P Ramos (605253) (Started Apr 30, 2019)","Joshua P Ramos (605253) (Ended Apr 30, 2019)<br>Patricia Meehan (609388) (Started Apr 30, 2019)",Phase 2,,Combined cycle,Pipeline Natural Gas,Diesel Oil,,,,,4/1/1994,Operating,1325,,,,,,
NY,Carr Street Generating Station,50978,A,,2019,"ARP, CSNOX, CSOSG2, CSSO2G1, RGGI",2,,Onondaga County,NY067,67,Electric Utility,43.0611,-76.0819,"Carr Street Generating Station, LP",Brookfield Renewable Energy Group,Jon Elmer (608356),Kenny l Cloinger (606200),Phase 2,,Combined cycle,Pipeline Natural Gas,Diesel Oil,,Water Injection<br>Ammonia Injection,,,12/11/1993,Operating,470,,,,,,
NY,Carr Street Generating Station,50978,B,,2019,"ARP, CSNOX, CSOSG2, CSSO2G1, RGGI",2,,Onondaga County,NY067,67,Electric Utility,43.0611,-76.0819,"Carr Street Generating Station, LP",Brookfield Renewable Energy Group,Jon Elmer (608356),Kenny l Cloinger (606200),Phase 2,,Combined cycle,Pipeline Natural Gas,Diesel Oil,,Water Injection<br>Ammonia Injection,,,12/11/1993,Operating,488,,,,,,
NY,Fortistar North Tonawanda Inc,54131,NTCT1,,2019,"CSNOX, CSOSG2, CSSO2G1, RGGI",2,,Niagara County,NY063,63,Cogeneration,43.0483,-78.8539,Fortistar,North American Energy Services,Daniel Rotunno (2451),Lewis L Staley (2239),,,Combined cycle,Pipeline Natural Gas,Diesel Oil,,Steam Injection,,,9/8/1993,Operating,585,,,,,,
NY,Bethlehem Energy Center (Albany),2539,10001,,2019,"ARP, CSNOX, CSOSG2, CSSO2G1, RGGI",2,NPCC,Albany County,NY001,1,Electric Utility,42.5905,-73.7636,"PSEG Power New York, Inc.","PSEG Power New York, Inc.",Michael S Mastriani (609205),Mark F Strickland (603622),Phase 2,,Combined cycle,Pipeline Natural Gas,Diesel Oil,,Dry Low NOx Burners<br>Water Injection<br>Selective Catalytic Reduction,,,3/10/2005,Operating,2450,,,,,,
NY,Bethlehem Energy Center (Albany),2539,10002,,2019,"ARP, CSNOX, CSOSG2, CSSO2G1, RGGI",2,NPCC,Albany County,NY001,1,Electric Utility,42.5905,-73.7636,"PSEG Power New York, Inc.","PSEG Power New York, Inc.",Michael S Mastriani (609205),Mark F Strickland (603622),Phase 2,,Combined cycle,Pipeline Natural Gas,Diesel Oil,,Dry Low NOx Burners<br>Water Injection<br>Selective Catalytic Reduction,,,3/18/2005,Operating,2450,,,,,,
NY,Bethlehem Energy Center (Albany),2539,10003,,2019,"ARP, CSNOX, CSOSG2, CSSO2G1, RGGI",2,NPCC,Albany County,NY001,1,Electric Utility,42.5905,-73.7636,"PSEG Power New York, Inc.","PSEG Power New York, Inc.",Michael S Mastriani (609205),Mark F Strickland (603622),Phase 2,,Combined cycle,Pipeline Natural Gas,Diesel Oil,,Dry Low NOx Burners<br>Water Injection<br>Selective Catalytic Reduction,,,3/12/2005,Operating,2450,,,,,,
NY,Rensselaer Cogen,54034,1GTDBS,,2019,"ARP, CSNOX, CSOSG2, CSSO2G1, RGGI",2,NPCC,Rensselaer County,NY083,83,Electric Utility,42.63,-73.75,Rensselaer Generating LLC,Rensselaer Generating LLC,Harry H Brand (1820),Michael C McConnell (603241),Phase 2,,Combined cycle,Pipeline Natural Gas,Diesel Oil,,Selective Catalytic Reduction<br>Steam Injection,,,4/22/1994,Operating,786.8,,,,,,
NY,Astoria Energy,55375,CT1,,2019,"ARP, CSNOX, CSOSG2, CSSO2G1, RGGI",2,,Queens County,NY081,81,Electric Utility,40.7825,-73.8964,"Astoria Energy, LLC",NAES Corporation,Charles McCall (603228),Michael J Stockstad (606598),Phase 2,,Combined cycle,Pipeline Natural Gas,Diesel Oil,,Dry Low NOx Burners<br>Water Injection<br>Selective Catalytic Reduction,,,3/29/2006,Operating,2550,,,,,,
NY,Astoria Energy,55375,CT2,,2019,"ARP, CSNOX, CSOSG2, CSSO2G1, RGGI",2,,Queens County,NY081,81,Electric Utility,40.7825,-73.8964,"Astoria Energy, LLC",NAES Corporation,Charles McCall (603228),Michael J Stockstad (606598),Phase 2,,Combined cycle,Pipeline Natural Gas,Diesel Oil,,Dry Low NOx Burners<br>Water Injection<br>Selective Catalytic Reduction,,,3/29/2006,Operating,2550,,,,,,
NY,Astoria Energy,55375,CT3,,2019,"ARP, CSNOX, CSOSG2, CSSO2G1, RGGI",2,,Queens County,NY081,81,Electric Utility,40.7825,-73.8964,"Astoria Energy, LLC",NAES Corporation,Charles McCall (603228),Michael J Stockstad (606598),Phase 2,,Combined cycle,Pipeline Natural Gas,Diesel Oil,,Dry Low NOx Burners<br>Water Injection<br>Selective Catalytic Reduction,,,4/6/2011,Operating,2550,,,,,,
NY,Astoria Energy,55375,CT4,,2019,"ARP, CSNOX, CSOSG2, CSSO2G1, RGGI",2,,Queens County,NY081,81,Electric Utility,40.7825,-73.8964,"Astoria Energy, LLC",NAES Corporation,Charles McCall (603228),Michael J Stockstad (606598),Phase 2,,Combined cycle,Pipeline Natural Gas,Diesel Oil,,Dry Low NOx Burners<br>Water Injection<br>Selective Catalytic Reduction,,,4/11/2011,Operating,2550,,,,,,
NY,Indeck-Corinth Energy Center,50458,1,,2019,"ARP, CSNOX, CSOSG2, CSSO2G1, RGGI",2,NPCC,Saratoga County,NY091,91,Cogeneration,43.25,-73.8125,Indeck-Corinth Limited Partnership,Indeck-Corinth Limited Partnership,Michael D Ferguson (2911),Mike E Minnolera (603852),Phase 2,,Combined cycle,Pipeline Natural Gas,Diesel Oil,,Dry Low NOx Burners<br>Water Injection<br>Selective Catalytic Reduction,,,7/1/1995,Operating,1279,,,,,,
NY,Bethpage Energy Center,50292,GT1,,2019,"ARP, CSNOX, CSOSG2, CSSO2G1, RGGI",2,,Nassau County,NY059,59,Electric Utility,40.7469,-73.4994,TBG Cogen Partners,"Calpine Operating Services Company, Inc.",Glen Stockhausen (3292),Patrick Blanchard (1082),Phase 2,,Combined cycle,Pipeline Natural Gas,,,Steam Injection,,,8/13/1989,Operating,416,,,,,,
NY,Bethpage Energy Center,50292,GT2,,2019,"ARP, CSNOX, CSOSG2, CSSO2G1, RGGI",2,,Nassau County,NY059,59,Electric Utility,40.7469,-73.4994,TBG Cogen Partners,"Calpine Operating Services Company, Inc.",Glen Stockhausen (3292),Patrick Blanchard (1082),Phase 2,,Combined cycle,Pipeline Natural Gas,,,Steam Injection,,,8/13/1989,Operating,416,,,,,,
NY,Bethpage Energy Center,50292,GT4,,2019,"ARP, CSNOX, CSOSG2, CSSO2G1, RGGI",2,,Nassau County,NY059,59,Electric Utility,40.7469,-73.4994,"Bethpage Energy Center 3, LLC","Calpine Operating Services Company, Inc.",Glen Stockhausen (3292),Patrick Blanchard (1082),Phase 2,,Combined cycle,Pipeline Natural Gas,,,Water Injection<br>Selective Catalytic Reduction,,,5/8/2005,Operating,730,,,,,,
NY,KIAC Cogeneration,54114,GT1,,2019,"CSNOX, CSOSG2, CSSO2G1, RGGI",2,NPCC,Queens County,NY081,81,Cogeneration,40.6417,-73.7778,Calpine Corporation,Calpine Corporation,Michael O'Brien (605705),Patrick Blanchard (1082),,,Combined cycle,Pipeline Natural Gas,Diesel Oil,,Water Injection<br>Selective Catalytic Reduction,,,2/1/1995,Operating,718,,,,,,
NY,KIAC Cogeneration,54114,GT2,,2019,"CSNOX, CSOSG2, CSSO2G1, RGGI",2,NPCC,Queens County,NY081,81,Cogeneration,40.6417,-73.7778,Calpine Corporation,Calpine Corporation,Michael O'Brien (605705),Patrick Blanchard (1082),,,Combined cycle,Pipeline Natural Gas,Diesel Oil,,Water Injection<br>Selective Catalytic Reduction,,,2/1/1995,Operating,718,,,,,,
NY,"Saranac Power Partners, LP",54574,1,,2019,"ARP, CSNOX, CSOSG2, CSSO2G1, RGGI",2,,Clinton County,NY019,19,Cogeneration,44.7132,-73.4557,"Saranac Power Partners, LP",Falcon Power Operating Company,John D Gokey (607918),Ryan Parks (603530),Phase 2,,Combined cycle,Pipeline Natural Gas,,,Selective Catalytic Reduction,,,6/21/1994,Operating,1676,,,,,,
NY,"Saranac Power Partners, LP",54574,2,,2019,"ARP, CSNOX, CSOSG2, CSSO2G1, RGGI",2,,Clinton County,NY019,19,Cogeneration,44.7132,-73.4557,"Saranac Power Partners, LP",Falcon Power Operating Company,John D Gokey (607918),Ryan Parks (603530),Phase 2,,Combined cycle,Pipeline Natural Gas,,,Selective Catalytic Reduction,,,6/21/1994,Operating,1676,,,,,,
NY,Nassau Energy Corporation,52056,4,,2019,"CSNOX, CSOSG2, CSSO2G1, RGGI",2,NPCC,Nassau County,NY059,59,Cogeneration,40.7259,-73.5885,Nassau Energy Corp,Nassau Energy Corp,David S Petty (1653),Seth Blumencranz (603747),,,Combined cycle,Pipeline Natural Gas,Diesel Oil,,Steam Injection,,,3/22/1991,Operating,633,,,,,,
NY,Selkirk Cogen Partners,10725,CTG101,,2019,"ARP, CSNOX, CSOSG2, CSSO2G1, RGGI",2,,Albany County,NY001,1,Cogeneration,42.5744,-73.8592,"Selkirk Cogen Partners, LP","Selkirk Cogen Partners, LP",John W Hanlon (1385),Susan D Flash (603940),Phase 2,,Combined cycle,Pipeline Natural Gas,Diesel Oil,,Steam Injection,,,4/17/1992,Operating,1215,,,,,,
NY,Selkirk Cogen Partners,10725,CTG201,,2019,"ARP, CSNOX, CSOSG2, CSSO2G1, RGGI",2,,Albany County,NY001,1,Cogeneration,42.5744,-73.8592,"Selkirk Cogen Partners, LP","Selkirk Cogen Partners, LP",John W Hanlon (1385),Susan D Flash (603940),Phase 2,,Combined cycle,Pipeline Natural Gas,Diesel Oil,,Selective Catalytic Reduction<br>Steam Injection,,,9/1/1994,Operating,1259,,,,,,
NY,Selkirk Cogen Partners,10725,CTG301,,2019,"ARP, CSNOX, CSOSG2, CSSO2G1, RGGI",2,,Albany County,NY001,1,Cogeneration,42.5744,-73.8592,"Selkirk Cogen Partners, LP","Selkirk Cogen Partners, LP",John W Hanlon (1385),Susan D Flash (603940),Phase 2,,Combined cycle,Pipeline Natural Gas,Diesel Oil,,Selective Catalytic Reduction<br>Steam Injection,,,9/1/1994,Operating,1250,,,,,,
NY,"Beaver Falls, LLC",10617,1,,2019,"CSNOX, CSOSG2, CSSO2G1, RGGI",2,,Lewis County,NY049,49,Cogeneration,43.8861,-75.4342,SBF LLC,SBF LLC,"Dean E Motl (605480) (Ended May 03, 2019)<br>Susan D Flash (603940) (Started May 03, 2019) (Ended Jun 11, 2019)<br>Timothy Biittig (609450) (Started Jun 11, 2019)","Susan D Flash (603940) (Ended May 03, 2019)<br>Timothy Biittig (609450) (Started May 03, 2019) (Ended Jun 11, 2019)<br>Susan D Flash (603940) (Started Jun 11, 2019)",,,Combined cycle,Pipeline Natural Gas,Diesel Oil,,Selective Catalytic Reduction<br>Steam Injection,,,1/1/1995,Operating,812,,,,,,
NY,"Syracuse, LLC",10621,1,,2019,"ARP, CSNOX, CSOSG2, CSSO2G1, RGGI",2,NPCC,Onondaga County,NY067,67,Electric Utility,43.0667,-76.2246,SBF LLC,SBF LLC,"Dean E Motl (605480) (Ended May 03, 2019)<br>Susan D Flash (603940) (Started May 03, 2019) (Ended Jun 11, 2019)<br>Timothy Biittig (609450) (Started Jun 11, 2019)","Susan D Flash (603940) (Ended May 03, 2019)<br>Timothy Biittig (609450) (Started May 03, 2019) (Ended Jun 11, 2019)<br>Susan D Flash (603940) (Started Jun 11, 2019)",Phase 2,,Combined cycle,Pipeline Natural Gas,Diesel Oil,,Selective Catalytic Reduction<br>Steam Injection,,,2/1/1994,Operating,800,,,,,,
NY,Ravenswood Generating Station,2500,UCC001,,2019,"ARP, CSNOX, CSOSG2, CSSO2G1, RGGI",2,NPCC,Queens County,NY081,81,Electric Utility,40.7585,-73.9451,"Helix Ravenswood, LLC","Helix Ravenswood, LLC",Kathy French (605624),"Tanja Grzeskowitz (606620) (Ended Jan 08, 2019)<br>Aaron J Scott (609064) (Started Jan 08, 2019)",Phase 2,,Combined cycle,Pipeline Natural Gas,Diesel Oil,,Dry Low NOx Burners<br>Ammonia Injection,,,1/5/2004,Operating,2156,,,,,,
NY,AG - Energy,10803,1,,2019,"ARP, CSNOX, CSOSG2, CSSO2G1, RGGI",2,NPCC,St. Lawrence County,NY089,89,Electric Utility,44.7258,-75.4417,"AG Energy, LP","AG Energy, LP",Greg Sharland (2129),Walter J Relling (602898),Phase 2,,Combined cycle,Pipeline Natural Gas,Diesel Oil,,Water Injection<br>Selective Catalytic Reduction,,,5/19/1994,Operating,536,,,,,,
NY,AG - Energy,10803,2,,2019,"ARP, CSNOX, CSOSG2, CSSO2G1, RGGI",2,NPCC,St. Lawrence County,NY089,89,Electric Utility,44.7258,-75.4417,"AG Energy, LP","AG Energy, LP",Greg Sharland (2129),Walter J Relling (602898),Phase 2,,Combined cycle,Pipeline Natural Gas,Diesel Oil,,Water Injection<br>Selective Catalytic Reduction,,,5/19/1994,Operating,254,,,,,,
NY,Carthage Energy,10620,1,,2019,"ARP, CSNOX, CSOSG2, CSSO2G1, RGGI",2,NPCC,Jefferson County,NY045,45,Cogeneration,43.9842,-75.6225,"Carthage Energy, LLC","Wood Group Power Operations, Inc.",Greg Sharland (2129),Walter J Relling (602898),Phase 2,,Combined cycle,Pipeline Natural Gas,Diesel Oil,,Steam Injection,,,11/1/1991,Operating,583,,,,,,
NY,Sterling Power Plant,50744,1,,2019,"ARP, CSNOX, CSOSG2, CSSO2G1, RGGI",2,NPCC,Oneida County,NY065,65,Cogeneration,43.0803,-75.6003,"Sterling Power Partners, LP","Sterling Power Partners, LP",Greg Sharland (2129),Walter J Relling (602898),Phase 2,,Combined cycle,Pipeline Natural Gas,,,Steam Injection,,,10/1/1991,Operating,551,,,,,,
NY,Batavia Energy,54593,1,,2019,"ARP, CSNOX, CSOSG2, CSSO2G1, RGGI",2,NPCC,Genesee County,NY037,37,Cogeneration,42.9828,-78.1592,"Seneca Power Partners, LP","Seneca Power Partners, LP",Greg Sharland (2129),"Walter J Relling (602898) (Started Dec 30, 2019)",Phase 2,,Combined cycle,Pipeline Natural Gas,,,Steam Injection,,,9/1/1992,Operating,551,,,,,,
NY,"Hawkeye Energy Greenport, LLC",55969,U-01,,2019,"ARP, CSNOX, CSOSG2, CSSO2G1, RGGI",2,,Suffolk County,NY103,103,Electric Utility,41.1056,-72.3767,"Hawkeye Energy Greenport, LLC, Hawkeye Generating, LLC","Hawkeye Energy Greenport, LLC, Hawkeye Generating, LLC","Steve Squillante (604116) (Ended Oct 08, 2019)<br>John Reynolds (609564) (Started Oct 08, 2019)",Edward Tackenberg (605914),Phase 2,,Combustion turbine,Diesel Oil,,,Water Injection<br>Selective Catalytic Reduction,,,6/23/2003,Operating,560,,,,,,
NY,Shoreham Energy,55787,CT01,,2019,"ARP, CSNOX, CSOSG2, CSSO2G1, RGGI",2,,Suffolk County,NY103,103,Electric Utility,40.9572,-72.8664,"J Power USA Development Co, Ltd.","J Power USA Development Co, Ltd.",Paul E Peterson (607880),Jason White (608523),Phase 2,,Combustion turbine,Diesel Oil,,,Water Injection<br>Selective Catalytic Reduction,,,7/20/2002,Operating,461,,,,,,
NY,Shoreham Energy,55787,CT02,,2019,"ARP, CSNOX, CSOSG2, CSSO2G1, RGGI",2,,Suffolk County,NY103,103,Electric Utility,40.9572,-72.8664,"J Power USA Development Co, Ltd.","J Power USA Development Co, Ltd.",Paul E Peterson (607880),Jason White (608523),Phase 2,,Combustion turbine,Diesel Oil,,,Water Injection<br>Selective Catalytic Reduction,,,7/22/2002,Operating,461,,,,,,
NY,Bayswater Peaking Facility,55699,2,,2019,"ARP, CSNOX, CSOSG2, CSSO2G1, RGGI",2,,Queens County,NY081,81,Electric Utility,40.6106,-73.7614,"Jamaica Bay Peaking Facility, LLC","Jamaica Bay Peaking Facility, LLC","Glenroy Leslie (608617) (Ended Apr 22, 2019)<br>Ryan McQueeney (608817) (Started Apr 22, 2019)","Sarasi Sam (609174) (Ended Jan 11, 2019)<br>Paul Aronian (603265) (Started Jan 11, 2019) (Ended Apr 09, 2019)<br>Ryan McQueeney (608817) (Started Apr 09, 2019) (Ended Apr 22, 2019)<br>Randall Osteen (609382) (Started Apr 22, 2019)",Phase 2,,Combustion turbine,Diesel Oil,Pipeline Natural Gas,,Water Injection<br>Selective Catalytic Reduction,,,7/2/2003,Operating,625,,,,,,
NY,Glenwood,2514,U00020,CP001,2019,"CSNOX, CSOSG2, CSSO2G1, RGGI",2,,Nassau County,NY059,59,Electric Utility,40.8269,-73.6479,National Grid Generation LLC,National Grid Generation LLC,James P Flannery (606257),,,,Combustion turbine,Diesel Oil,,,,,,7/1/1972,Operating,662,,,,,,
NY,Glenwood,2514,U00021,CP001,2019,"CSNOX, CSOSG2, CSSO2G1, RGGI",2,,Nassau County,NY059,59,Electric Utility,40.8269,-73.6479,National Grid Generation LLC,National Grid Generation LLC,James P Flannery (606257),,,,Combustion turbine,Diesel Oil,,,,,,7/1/1972,Operating,662,,,,,,
NY,Holtsville Facility,8007,U00001,CP001,2019,"CSNOX, CSOSG2, CSSO2G1, RGGI",2,,Suffolk County,NY103,103,Electric Utility,40.8153,-73.0664,National Grid Generation LLC,National Grid Generation LLC,James P Flannery (606257),,,,Combustion turbine,Diesel Oil,,,Water Injection,,,7/1/1974,Operating,416,,,,,,
NY,Holtsville Facility,8007,U00002,CP001,2019,"CSNOX, CSOSG2, CSSO2G1, RGGI",2,,Suffolk County,NY103,103,Electric Utility,40.8153,-73.0664,National Grid Generation LLC,National Grid Generation LLC,James P Flannery (606257),,,,Combustion turbine,Diesel Oil,,,Water Injection,,,7/1/1974,Operating,416,,,,,,
NY,Holtsville Facility,8007,U00003,CP001,2019,"CSNOX, CSOSG2, CSSO2G1, RGGI",2,,Suffolk County,NY103,103,Electric Utility,40.8153,-73.0664,National Grid Generation LLC,National Grid Generation LLC,James P Flannery (606257),,,,Combustion turbine,Diesel Oil,,,Water Injection,,,7/1/1974,Operating,416,,,,,,
NY,Holtsville Facility,8007,U00004,CP001,2019,"CSNOX, CSOSG2, CSSO2G1, RGGI",2,,Suffolk County,NY103,103,Electric Utility,40.8153,-73.0664,National Grid Generation LLC,National Grid Generation LLC,James P Flannery (606257),,,,Combustion turbine,Diesel Oil,,,Water Injection,,,7/1/1974,Operating,416,,,,,,
NY,Holtsville Facility,8007,U00005,CP001,2019,"CSNOX, CSOSG2, CSSO2G1, RGGI",2,,Suffolk County,NY103,103,Electric Utility,40.8153,-73.0664,National Grid Generation LLC,National Grid Generation LLC,James P Flannery (606257),,,,Combustion turbine,Diesel Oil,,,Water Injection,,,7/1/1974,Operating,416,,,,,,
NY,Holtsville Facility,8007,U00006,CP001,2019,"CSNOX, CSOSG2, CSSO2G1, RGGI",2,,Suffolk County,NY103,103,Electric Utility,40.8153,-73.0664,National Grid Generation LLC,National Grid Generation LLC,James P Flannery (606257),,,,Combustion turbine,Diesel Oil,,,Water Injection,,,7/1/1974,Operating,416,,,,,,
NY,Holtsville Facility,8007,U00007,CP001,2019,"CSNOX, CSOSG2, CSSO2G1, RGGI",2,,Suffolk County,NY103,103,Electric Utility,40.8153,-73.0664,National Grid Generation LLC,National Grid Generation LLC,James P Flannery (606257),,,,Combustion turbine,Diesel Oil,,,Water Injection,,,7/1/1974,Operating,416,,,,,,
NY,Holtsville Facility,8007,U00008,CP001,2019,"CSNOX, CSOSG2, CSSO2G1, RGGI",2,,Suffolk County,NY103,103,Electric Utility,40.8153,-73.0664,National Grid Generation LLC,National Grid Generation LLC,James P Flannery (606257),,,,Combustion turbine,Diesel Oil,,,Water Injection,,,7/1/1974,Operating,416,,,,,,
NY,Holtsville Facility,8007,U00009,CP001,2019,"CSNOX, CSOSG2, CSSO2G1, RGGI",2,,Suffolk County,NY103,103,Electric Utility,40.8153,-73.0664,National Grid Generation LLC,National Grid Generation LLC,James P Flannery (606257),,,,Combustion turbine,Diesel Oil,,,Water Injection,,,7/1/1974,Operating,416,,,,,,
NY,Holtsville Facility,8007,U00010,CP001,2019,"CSNOX, CSOSG2, CSSO2G1, RGGI",2,,Suffolk County,NY103,103,Electric Utility,40.8153,-73.0664,National Grid Generation LLC,National Grid Generation LLC,James P Flannery (606257),,,,Combustion turbine,Diesel Oil,,,Water Injection,,,7/1/1974,Operating,416,,,,,,
NY,Holtsville Facility,8007,U00011,CP001,2019,"CSNOX, CSOSG2, CSSO2G1, RGGI",2,,Suffolk County,NY103,103,Electric Utility,40.8153,-73.0664,National Grid Generation LLC,National Grid Generation LLC,James P Flannery (606257),,,,Combustion turbine,Diesel Oil,,,Water Injection,,,7/1/1974,Operating,416,,,,,,
NY,Holtsville Facility,8007,U00012,CP001,2019,"CSNOX, CSOSG2, CSSO2G1, RGGI",2,,Suffolk County,NY103,103,Electric Utility,40.8153,-73.0664,National Grid Generation LLC,National Grid Generation LLC,James P Flannery (606257),,,,Combustion turbine,Diesel Oil,,,Water Injection,,,7/1/1974,Operating,416,,,,,,
NY,Holtsville Facility,8007,U00013,CP001,2019,"CSNOX, CSOSG2, CSSO2G1, RGGI",2,,Suffolk County,NY103,103,Electric Utility,40.8153,-73.0664,National Grid Generation LLC,National Grid Generation LLC,James P Flannery (606257),,,,Combustion turbine,Diesel Oil,,,Water Injection,,,7/1/1974,Operating,416,,,,,,
NY,Holtsville Facility,8007,U00014,CP001,2019,"CSNOX, CSOSG2, CSSO2G1, RGGI",2,,Suffolk County,NY103,103,Electric Utility,40.8153,-73.0664,National Grid Generation LLC,National Grid Generation LLC,James P Flannery (606257),,,,Combustion turbine,Diesel Oil,,,Water Injection,,,7/1/1974,Operating,416,,,,,,
NY,Holtsville Facility,8007,U00015,CP001,2019,"CSNOX, CSOSG2, CSSO2G1, RGGI",2,,Suffolk County,NY103,103,Electric Utility,40.8153,-73.0664,National Grid Generation LLC,National Grid Generation LLC,James P Flannery (606257),,,,Combustion turbine,Diesel Oil,,,Dry Low NOx Burners,,,7/1/1974,Operating,416,,,,,,
NY,Holtsville Facility,8007,U00016,CP001,2019,"CSNOX, CSOSG2, CSSO2G1, RGGI",2,,Suffolk County,NY103,103,Electric Utility,40.8153,-73.0664,National Grid Generation LLC,National Grid Generation LLC,James P Flannery (606257),,,,Combustion turbine,Diesel Oil,,,Water Injection,,,7/1/1974,Operating,416,,,,,,
NY,Holtsville Facility,8007,U00017,CP001,2019,"CSNOX, CSOSG2, CSSO2G1, RGGI",2,,Suffolk County,NY103,103,Electric Utility,40.8153,-73.0664,National Grid Generation LLC,National Grid Generation LLC,James P Flannery (606257),,,,Combustion turbine,Diesel Oil,,,Dry Low NOx Burners,,,7/1/1974,Operating,416,,,,,,
NY,Holtsville Facility,8007,U00018,CP001,2019,"CSNOX, CSOSG2, CSSO2G1, RGGI",2,,Suffolk County,NY103,103,Electric Utility,40.8153,-73.0664,National Grid Generation LLC,National Grid Generation LLC,James P Flannery (606257),,,,Combustion turbine,Diesel Oil,,,Water Injection,,,7/1/1974,Operating,416,,,,,,
NY,Holtsville Facility,8007,U00019,CP001,2019,"CSNOX, CSOSG2, CSSO2G1, RGGI",2,,Suffolk County,NY103,103,Electric Utility,40.8153,-73.0664,National Grid Generation LLC,National Grid Generation LLC,James P Flannery (606257),,,,Combustion turbine,Diesel Oil,,,Water Injection,,,7/1/1974,Operating,416,,,,,,
NY,Holtsville Facility,8007,U00020,CP001,2019,"CSNOX, CSOSG2, CSSO2G1, RGGI",2,,Suffolk County,NY103,103,Electric Utility,40.8153,-73.0664,National Grid Generation LLC,National Grid Generation LLC,James P Flannery (606257),,,,Combustion turbine,Diesel Oil,,,Water Injection,,,7/1/1974,Operating,416,,,,,,
NY,Wading River Facility,7146,UGT007,,2019,"CSNOX, CSOSG2, CSSO2G1, RGGI",2,,Suffolk County,NY103,103,Electric Utility,40.9569,-72.8774,National Grid Generation LLC,National Grid Generation LLC,James P Flannery (606257),,,,Combustion turbine,Diesel Oil,,,Other<br>Water Injection,,,7/1/1989,Operating,1164,,,,,,
NY,Wading River Facility,7146,UGT008,,2019,"CSNOX, CSOSG2, CSSO2G1, RGGI",2,,Suffolk County,NY103,103,Electric Utility,40.9569,-72.8774,National Grid Generation LLC,National Grid Generation LLC,James P Flannery (606257),,,,Combustion turbine,Diesel Oil,,,Other<br>Water Injection,,,7/1/1989,Operating,1164,,,,,,
NY,Wading River Facility,7146,UGT009,,2019,"CSNOX, CSOSG2, CSSO2G1, RGGI",2,,Suffolk County,NY103,103,Electric Utility,40.9569,-72.8774,National Grid Generation LLC,National Grid Generation LLC,James P Flannery (606257),,,,Combustion turbine,Diesel Oil,,,Other<br>Water Injection,,,7/1/1989,Operating,1164,,,,,,
NY,Wading River Facility,7146,UGT013,CP001,2019,"CSNOX, CSOSG2, CSSO2G1, RGGI",2,,Suffolk County,NY103,103,Electric Utility,40.9569,-72.8774,National Grid Generation LLC,National Grid Generation LLC,James P Flannery (606257),,,,Combustion turbine,Diesel Oil,,,,,,7/1/1971,Operating,686,,,,,,
NY,West Babylon Facility,2521,UGT001,,2019,"CSNOX, CSOSG2, CSSO2G1, RGGI",2,,Suffolk County,NY103,103,Electric Utility,40.6953,-73.3497,National Grid Generation LLC,National Grid Generation LLC,James P Flannery (606257),,,,Combustion turbine,Diesel Oil,,,,,,6/1/1971,Operating,686,,,,,,
NY,Astoria Gas Turbine Power,55243,CT2-1A,CP0002,2019,"CSNOX, CSOSG2, CSSO2G1, RGGI",2,NPCC,Queens County,NY081,81,Electric Utility,40.7864,-73.9133,"Astoria Energy, LLC","Astoria Energy, LLC",Andrew Scano (601596),Frank Ameo (1243),,,Combustion turbine,Pipeline Natural Gas,Diesel Oil,,,,,6/1/1970,Operating,255,,,,,,
NY,Astoria Gas Turbine Power,55243,CT2-1B,CP0002,2019,"CSNOX, CSOSG2, CSSO2G1, RGGI",2,NPCC,Queens County,NY081,81,Electric Utility,40.7864,-73.9133,"Astoria Energy, LLC","Astoria Energy, LLC",Andrew Scano (601596),Frank Ameo (1243),,,Combustion turbine,Pipeline Natural Gas,Diesel Oil,,,,,6/1/1970,Operating,255,,,,,,
NY,Astoria Gas Turbine Power,55243,CT2-2A,CP0002,2019,"CSNOX, CSOSG2, CSSO2G1, RGGI",2,NPCC,Queens County,NY081,81,Electric Utility,40.7864,-73.9133,"Astoria Energy, LLC","Astoria Energy, LLC",Andrew Scano (601596),Frank Ameo (1243),,,Combustion turbine,Pipeline Natural Gas,Diesel Oil,,,,,6/1/1970,Operating,255,,,,,,
NY,Astoria Gas Turbine Power,55243,CT2-2B,CP0002,2019,"CSNOX, CSOSG2, CSSO2G1, RGGI",2,NPCC,Queens County,NY081,81,Electric Utility,40.7864,-73.9133,"Astoria Energy, LLC","Astoria Energy, LLC",Andrew Scano (601596),Frank Ameo (1243),,,Combustion turbine,Pipeline Natural Gas,Diesel Oil,,,,,6/1/1970,Operating,255,,,,,,
NY,Astoria Gas Turbine Power,55243,CT2-3A,CP0002,2019,"CSNOX, CSOSG2, CSSO2G1, RGGI",2,NPCC,Queens County,NY081,81,Electric Utility,40.7864,-73.9133,"Astoria Energy, LLC","Astoria Energy, LLC",Andrew Scano (601596),Frank Ameo (1243),,,Combustion turbine,Pipeline Natural Gas,Diesel Oil,,,,,6/1/1970,Operating,255,,,,,,
NY,Astoria Gas Turbine Power,55243,CT2-3B,CP0002,2019,"CSNOX, CSOSG2, CSSO2G1, RGGI",2,NPCC,Queens County,NY081,81,Electric Utility,40.7864,-73.9133,"Astoria Energy, LLC","Astoria Energy, LLC",Andrew Scano (601596),Frank Ameo (1243),,,Combustion turbine,Pipeline Natural Gas,Diesel Oil,,,,,6/1/1970,Operating,255,,,,,,
NY,Astoria Gas Turbine Power,55243,CT2-4A,CP0002,2019,"CSNOX, CSOSG2, CSSO2G1, RGGI",2,NPCC,Queens County,NY081,81,Electric Utility,40.7864,-73.9133,"Astoria Energy, LLC","Astoria Energy, LLC",Andrew Scano (601596),Frank Ameo (1243),,,Combustion turbine,Pipeline Natural Gas,Diesel Oil,,,,,6/1/1970,Operating,255,,,,,,
NY,Astoria Gas Turbine Power,55243,CT2-4B,CP0002,2019,"CSNOX, CSOSG2, CSSO2G1, RGGI",2,NPCC,Queens County,NY081,81,Electric Utility,40.7864,-73.9133,"Astoria Energy, LLC","Astoria Energy, LLC",Andrew Scano (601596),Frank Ameo (1243),,,Combustion turbine,Pipeline Natural Gas,Diesel Oil,,,,,6/1/1970,Operating,255,,,,,,
NY,Astoria Gas Turbine Power,55243,CT3-1A,CP0003,2019,"CSNOX, CSOSG2, CSSO2G1, RGGI",2,NPCC,Queens County,NY081,81,Electric Utility,40.7864,-73.9133,"Astoria Energy, LLC","Astoria Energy, LLC",Andrew Scano (601596),Frank Ameo (1243),,,Combustion turbine,Pipeline Natural Gas,Diesel Oil,,,,,6/1/1970,Operating,255,,,,,,
NY,Astoria Gas Turbine Power,55243,CT3-1B,CP0003,2019,"CSNOX, CSOSG2, CSSO2G1, RGGI",2,NPCC,Queens County,NY081,81,Electric Utility,40.7864,-73.9133,"Astoria Energy, LLC","Astoria Energy, LLC",Andrew Scano (601596),Frank Ameo (1243),,,Combustion turbine,Pipeline Natural Gas,Diesel Oil,,,,,6/1/1970,Operating,255,,,,,,
NY,Astoria Gas Turbine Power,55243,CT3-2A,CP0003,2019,"CSNOX, CSOSG2, CSSO2G1, RGGI",2,NPCC,Queens County,NY081,81,Electric Utility,40.7864,-73.9133,"Astoria Energy, LLC","Astoria Energy, LLC",Andrew Scano (601596),Frank Ameo (1243),,,Combustion turbine,Pipeline Natural Gas,Diesel Oil,,,,,6/1/1970,Operating,255,,,,,,
NY,Astoria Gas Turbine Power,55243,CT3-2B,CP0003,2019,"CSNOX, CSOSG2, CSSO2G1, RGGI",2,NPCC,Queens County,NY081,81,Electric Utility,40.7864,-73.9133,"Astoria Energy, LLC","Astoria Energy, LLC",Andrew Scano (601596),Frank Ameo (1243),,,Combustion turbine,Pipeline Natural Gas,Diesel Oil,,,,,6/1/1970,Operating,255,,,,,,
NY,Astoria Gas Turbine Power,55243,CT3-3A,CP0003,2019,"CSNOX, CSOSG2, CSSO2G1, RGGI",2,NPCC,Queens County,NY081,81,Electric Utility,40.7864,-73.9133,"Astoria Energy, LLC","Astoria Energy, LLC",Andrew Scano (601596),Frank Ameo (1243),,,Combustion turbine,Pipeline Natural Gas,Diesel Oil,,,,,6/1/1970,Operating,255,,,,,,
NY,Astoria Gas Turbine Power,55243,CT3-3B,CP0003,2019,"CSNOX, CSOSG2, CSSO2G1, RGGI",2,NPCC,Queens County,NY081,81,Electric Utility,40.7864,-73.9133,"Astoria Energy, LLC","Astoria Energy, LLC",Andrew Scano (601596),Frank Ameo (1243),,,Combustion turbine,Pipeline Natural Gas,Diesel Oil,,,,,6/1/1970,Operating,255,,,,,,
NY,Astoria Gas Turbine Power,55243,CT3-4A,CP0003,2019,"CSNOX, CSOSG2, CSSO2G1, RGGI",2,NPCC,Queens County,NY081,81,Electric Utility,40.7864,-73.9133,"Astoria Energy, LLC","Astoria Energy, LLC",Andrew Scano (601596),Frank Ameo (1243),,,Combustion turbine,Pipeline Natural Gas,Diesel Oil,,,,,6/1/1970,Operating,255,,,,,,
NY,Astoria Gas Turbine Power,55243,CT3-4B,CP0003,2019,"CSNOX, CSOSG2, CSSO2G1, RGGI",2,NPCC,Queens County,NY081,81,Electric Utility,40.7864,-73.9133,"Astoria Energy, LLC","Astoria Energy, LLC",Andrew Scano (601596),Frank Ameo (1243),,,Combustion turbine,Pipeline Natural Gas,Diesel Oil,,,,,6/1/1970,Operating,255,,,,,,
NY,Astoria Gas Turbine Power,55243,CT4-1A,CP0004,2019,"CSNOX, CSOSG2, CSSO2G1, RGGI",2,NPCC,Queens County,NY081,81,Electric Utility,40.7864,-73.9133,"Astoria Energy, LLC","Astoria Energy, LLC",Andrew Scano (601596),Frank Ameo (1243),,,Combustion turbine,Pipeline Natural Gas,Diesel Oil,,,,,6/1/1970,Operating,255,,,,,,
NY,Astoria Gas Turbine Power,55243,CT4-1B,CP0004,2019,"CSNOX, CSOSG2, CSSO2G1, RGGI",2,NPCC,Queens County,NY081,81,Electric Utility,40.7864,-73.9133,"Astoria Energy, LLC","Astoria Energy, LLC",Andrew Scano (601596),Frank Ameo (1243),,,Combustion turbine,Pipeline Natural Gas,Diesel Oil,,,,,6/1/1970,Operating,255,,,,,,
NY,Astoria Gas Turbine Power,55243,CT4-2A,CP0004,2019,"CSNOX, CSOSG2, CSSO2G1, RGGI",2,NPCC,Queens County,NY081,81,Electric Utility,40.7864,-73.9133,"Astoria Energy, LLC","Astoria Energy, LLC",Andrew Scano (601596),Frank Ameo (1243),,,Combustion turbine,Pipeline Natural Gas,Diesel Oil,,,,,6/1/1970,Operating,255,,,,,,
NY,Astoria Gas Turbine Power,55243,CT4-2B,CP0004,2019,"CSNOX, CSOSG2, CSSO2G1, RGGI",2,NPCC,Queens County,NY081,81,Electric Utility,40.7864,-73.9133,"Astoria Energy, LLC","Astoria Energy, LLC",Andrew Scano (601596),Frank Ameo (1243),,,Combustion turbine,Pipeline Natural Gas,Diesel Oil,,,,,6/1/1970,Operating,255,,,,,,
NY,Astoria Gas Turbine Power,55243,CT4-3A,CP0004,2019,"CSNOX, CSOSG2, CSSO2G1, RGGI",2,NPCC,Queens County,NY081,81,Electric Utility,40.7864,-73.9133,"Astoria Energy, LLC","Astoria Energy, LLC",Andrew Scano (601596),Frank Ameo (1243),,,Combustion turbine,Pipeline Natural Gas,Diesel Oil,,,,,6/1/1970,Operating,255,,,,,,
NY,Astoria Gas Turbine Power,55243,CT4-3B,CP0004,2019,"CSNOX, CSOSG2, CSSO2G1, RGGI",2,NPCC,Queens County,NY081,81,Electric Utility,40.7864,-73.9133,"Astoria Energy, LLC","Astoria Energy, LLC",Andrew Scano (601596),Frank Ameo (1243),,,Combustion turbine,Pipeline Natural Gas,Diesel Oil,,,,,6/1/1970,Operating,255,,,,,,
NY,Astoria Gas Turbine Power,55243,CT4-4A,CP0004,2019,"CSNOX, CSOSG2, CSSO2G1, RGGI",2,NPCC,Queens County,NY081,81,Electric Utility,40.7864,-73.9133,"Astoria Energy, LLC","Astoria Energy, LLC",Andrew Scano (601596),Frank Ameo (1243),,,Combustion turbine,Pipeline Natural Gas,Diesel Oil,,,,,6/1/1970,Operating,255,,,,,,
NY,Astoria Gas Turbine Power,55243,CT4-4B,CP0004,2019,"CSNOX, CSOSG2, CSSO2G1, RGGI",2,NPCC,Queens County,NY081,81,Electric Utility,40.7864,-73.9133,"Astoria Energy, LLC","Astoria Energy, LLC",Andrew Scano (601596),Frank Ameo (1243),,,Combustion turbine,Pipeline Natural Gas,Diesel Oil,,,,,6/1/1970,Operating,255,,,,,,
NY,Edgewood Energy,55786,CT01,,2019,"ARP, CSNOX, CSOSG2, CSSO2G1, RGGI",2,,Suffolk County,NY103,103,Electric Utility,40.7861,-73.2931,"J Power USA Development Co, Ltd.","J Power USA Development Co, Ltd.",Paul E Peterson (607880),Jason White (608523),Phase 2,,Combustion turbine,Pipeline Natural Gas,,,Water Injection<br>Selective Catalytic Reduction,,,7/15/2002,Operating,480,,,,,,
NY,Edgewood Energy,55786,CT02,,2019,"ARP, CSNOX, CSOSG2, CSSO2G1, RGGI",2,,Suffolk County,NY103,103,Electric Utility,40.7861,-73.2931,"J Power USA Development Co, Ltd.","J Power USA Development Co, Ltd.",Paul E Peterson (607880),Jason White (608523),Phase 2,,Combustion turbine,Pipeline Natural Gas,,,Water Injection<br>Selective Catalytic Reduction,,,7/15/2002,Operating,480,,,,,,
NY,Equus  Power I,56032,1,,2019,"ARP, CSNOX, CSOSG2, CSSO2G1, RGGI",2,,Nassau County,NY059,59,Electric Utility,40.6447,-73.5683,"J Power USA Development Co, Ltd.","J Power USA Development Co, Ltd.",Paul E Peterson (607880),Jason White (608523),Phase 2,,Combustion turbine,Pipeline Natural Gas,Diesel Oil,,Water Injection<br>Selective Catalytic Reduction,,,7/1/2004,Operating,520.7,,,,,,
NY,23rd and 3rd,7910,2301,,2019,"ARP, CSNOX, CSOSG2, CSSO2G1, RGGI",2,NPCC,Kings County,NY047,47,Electric Utility,40.663,-74,New York Power Authority,New York Power Authority,"John M Kahabka (604275) (Ended Apr 30, 2019)<br>Joshua P Ramos (605253) (Started Apr 30, 2019)","Joshua P Ramos (605253) (Ended Apr 30, 2019)<br>Patricia Meehan (609388) (Started Apr 30, 2019)",Phase 2,,Combustion turbine,Pipeline Natural Gas,,,Selective Catalytic Reduction,,,8/2/2001,Operating,505,,,,,,
NY,23rd and 3rd,7910,2302,,2019,"ARP, CSNOX, CSOSG2, CSSO2G1, RGGI",2,NPCC,Kings County,NY047,47,Electric Utility,40.663,-74,New York Power Authority,New York Power Authority,"John M Kahabka (604275) (Ended Apr 30, 2019)<br>Joshua P Ramos (605253) (Started Apr 30, 2019)","Joshua P Ramos (605253) (Ended Apr 30, 2019)<br>Patricia Meehan (609388) (Started Apr 30, 2019)",Phase 2,,Combustion turbine,Pipeline Natural Gas,,,Selective Catalytic Reduction,,,8/2/2001,Operating,505,,,,,,
NY,Brentwood,7912,BW01,,2019,"ARP, CSNOX, CSOSG2, CSSO2G1, RGGI",2,,Suffolk County,NY103,103,Electric Utility,40.787,-73.2933,New York Power Authority,New York Power Authority,"John M Kahabka (604275) (Ended Apr 30, 2019)<br>Joshua P Ramos (605253) (Started Apr 30, 2019)","Joshua P Ramos (605253) (Ended Apr 30, 2019)<br>Patricia Meehan (609388) (Started Apr 30, 2019)",Phase 2,,Combustion turbine,Pipeline Natural Gas,,,Selective Catalytic Reduction,,,7/25/2001,Operating,480,,,,,,
NY,Harlem River Yard,7914,HR01,,2019,"ARP, CSNOX, CSOSG2, CSSO2G1, RGGI",2,,Bronx County,NY005,5,Electric Utility,40.7989,-73.9147,New York Power Authority,New York Power Authority,"John M Kahabka (604275) (Ended Apr 30, 2019)<br>Joshua P Ramos (605253) (Started Apr 30, 2019)","Joshua P Ramos (605253) (Ended Apr 30, 2019)<br>Patricia Meehan (609388) (Started Apr 30, 2019)",Phase 2,,Combustion turbine,Pipeline Natural Gas,,,Selective Catalytic Reduction,,,7/25/2001,Operating,475,,,,,,
NY,Harlem River Yard,7914,HR02,,2019,"ARP, CSNOX, CSOSG2, CSSO2G1, RGGI",2,,Bronx County,NY005,5,Electric Utility,40.7989,-73.9147,New York Power Authority,New York Power Authority,"John M Kahabka (604275) (Ended Apr 30, 2019)<br>Joshua P Ramos (605253) (Started Apr 30, 2019)","Joshua P Ramos (605253) (Ended Apr 30, 2019)<br>Patricia Meehan (609388) (Started Apr 30, 2019)",Phase 2,,Combustion turbine,Pipeline Natural Gas,,,Selective Catalytic Reduction,,,7/25/2001,Operating,475,,,,,,
NY,Hell Gate,7913,HG01,,2019,"ARP, CSNOX, CSOSG2, CSSO2G1, RGGI",2,,Bronx County,NY005,5,Electric Utility,40.7988,-73.9093,New York Power Authority,New York Power Authority,"John M Kahabka (604275) (Ended Apr 30, 2019)<br>Joshua P Ramos (605253) (Started Apr 30, 2019)","Joshua P Ramos (605253) (Ended Apr 30, 2019)<br>Patricia Meehan (609388) (Started Apr 30, 2019)",Phase 2,,Combustion turbine,Pipeline Natural Gas,,,Selective Catalytic Reduction,,,8/2/2001,Operating,475,,,,,,
NY,Hell Gate,7913,HG02,,2019,"ARP, CSNOX, CSOSG2, CSSO2G1, RGGI",2,,Bronx County,NY005,5,Electric Utility,40.7988,-73.9093,New York Power Authority,New York Power Authority,"John M Kahabka (604275) (Ended Apr 30, 2019)<br>Joshua P Ramos (605253) (Started Apr 30, 2019)","Joshua P Ramos (605253) (Ended Apr 30, 2019)<br>Patricia Meehan (609388) (Started Apr 30, 2019)",Phase 2,,Combustion turbine,Pipeline Natural Gas,,,Selective Catalytic Reduction,,,8/2/2001,Operating,486,,,,,,
NY,North 1st,7915,NO1,,2019,"ARP, CSNOX, CSOSG2, CSSO2G1, RGGI",2,NPCC,Kings County,NY047,47,Electric Utility,40.7168,-73.9665,New York Power Authority,New York Power Authority,"John M Kahabka (604275) (Ended Apr 30, 2019)<br>Joshua P Ramos (605253) (Started Apr 30, 2019)","Joshua P Ramos (605253) (Ended Apr 30, 2019)<br>Patricia Meehan (609388) (Started Apr 30, 2019)",Phase 2,,Combustion turbine,Pipeline Natural Gas,,,Selective Catalytic Reduction,,,8/17/2001,Operating,500,,,,,,
NY,Pouch Terminal,8053,PT01,,2019,"ARP, CSNOX, CSOSG2, CSSO2G1, RGGI",2,NPCC,Richmond County,NY085,85,Electric Utility,40.6188,-74.069,New York Power Authority,New York Power Authority,"John M Kahabka (604275) (Ended Apr 30, 2019)<br>Joshua P Ramos (605253) (Started Apr 30, 2019)","Joshua P Ramos (605253) (Ended Apr 30, 2019)<br>Patricia Meehan (609388) (Started Apr 30, 2019)",Phase 2,,Combustion turbine,Pipeline Natural Gas,,,Selective Catalytic Reduction,,,8/8/2001,Operating,517,,,,,,
NY,Vernon Boulevard,7909,VB01,,2019,"ARP, CSNOX, CSOSG2, CSSO2G1, RGGI",2,,Queens County,NY081,81,Electric Utility,40.7539,-73.9506,New York Power Authority,New York Power Authority,"John M Kahabka (604275) (Ended Apr 30, 2019)<br>Joshua P Ramos (605253) (Started Apr 30, 2019)","Joshua P Ramos (605253) (Ended Apr 30, 2019)<br>Patricia Meehan (609388) (Started Apr 30, 2019)",Phase 2,,Combustion turbine,Pipeline Natural Gas,,,Selective Catalytic Reduction,,,8/15/2001,Operating,430,,,,,,
NY,Vernon Boulevard,7909,VB02,,2019,"ARP, CSNOX, CSOSG2, CSSO2G1, RGGI",2,,Queens County,NY081,81,Electric Utility,40.7539,-73.9506,New York Power Authority,New York Power Authority,"John M Kahabka (604275) (Ended Apr 30, 2019)<br>Joshua P Ramos (605253) (Started Apr 30, 2019)","Joshua P Ramos (605253) (Ended Apr 30, 2019)<br>Patricia Meehan (609388) (Started Apr 30, 2019)",Phase 2,,Combustion turbine,Pipeline Natural Gas,,,Selective Catalytic Reduction,,,8/2/2001,Operating,455,,,,,,
NY,Freeport Power Plant No. 2,2679,5,,2019,"ARP, CSNOX, CSOSG2, CSSO2G1, RGGI",2,,Nassau County,NY059,59,Electric Utility,40.6447,-73.5683,Incorporated Village of Freeport,Incorporated Village of Freeport,Al Livingston Jr (606228),Keith Muchnick (605682),Phase 2,,Combustion turbine,Pipeline Natural Gas,Diesel Oil,,Water Injection<br>Selective Catalytic Reduction,,,4/30/2004,Operating,487,,,,,,
NY,Bethpage Energy Center,50292,GT3,,2019,"ARP, CSNOX, CSOSG2, CSSO2G1, RGGI",2,,Nassau County,NY059,59,Electric Utility,40.7469,-73.4994,"CPN Bethpage 3rd Turbine, Inc.","Calpine Operating Services Company, Inc.",Glen Stockhausen (3292),Patrick Blanchard (1082),Phase 2,,Combustion turbine,Pipeline Natural Gas,,,Water Injection<br>Selective Catalytic Reduction,,,7/1/2002,Operating,545,,,,,,
NY,Nissequogue Energy Center,54149,1,,2019,"CSNOX, CSOSG2, CSSO2G1, RGGI",2,,Suffolk County,NY103,103,Cogeneration,40.9168,-73.1292,Nissequogue Cogen Partners,"Calpine Operating Services Company, Inc.",Glen Stockhausen (3292),Patrick Blanchard (1082),,,Combustion turbine,Pipeline Natural Gas,Diesel Oil,,Water Injection,,,4/1/1995,Operating,670,,,,,,
NY,Bayswater Peaking Facility,55699,1,,2019,"ARP, CSNOX, CSOSG2, CSSO2G1, RGGI",2,,Queens County,NY081,81,Electric Utility,40.6106,-73.7614,"Bayswater Peaking Facility, LLC","Bayswater Peaking Facility, LLC","Glenroy Leslie (608617) (Ended Apr 22, 2019)<br>Ryan McQueeney (608817) (Started Apr 22, 2019)","Sarasi Sam (609174) (Ended Jan 11, 2019)<br>Paul Aronian (603265) (Started Jan 11, 2019) (Ended Apr 09, 2019)<br>Ryan McQueeney (608817) (Started Apr 09, 2019) (Ended Apr 22, 2019)<br>Randall Osteen (609382) (Started Apr 22, 2019)",Phase 2,,Combustion turbine,Pipeline Natural Gas,,,Selective Catalytic Reduction<br>Water Injection,,,7/1/2002,Operating,680,,,,,,
NY,Ravenswood Generating Station,2500,CT02-1,,2019,"CSNOX, CSOSG2, CSSO2G1, RGGI",2,NPCC,Queens County,NY081,81,Electric Utility,40.7585,-73.9451,"Helix Ravenswood, LLC","Helix Ravenswood, LLC",Kathy French (605624),"Tanja Grzeskowitz (606620) (Ended Jan 08, 2019)<br>Aaron J Scott (609064) (Started Jan 08, 2019)",,,Combustion turbine,Pipeline Natural Gas,Diesel Oil,,,,,12/1/1970,Operating,524,,,,,,
NY,Ravenswood Generating Station,2500,CT02-2,,2019,"CSNOX, CSOSG2, CSSO2G1, RGGI",2,NPCC,Queens County,NY081,81,Electric Utility,40.7585,-73.9451,"Helix Ravenswood, LLC","Helix Ravenswood, LLC",Kathy French (605624),"Tanja Grzeskowitz (606620) (Ended Jan 08, 2019)<br>Aaron J Scott (609064) (Started Jan 08, 2019)",,,Combustion turbine,Pipeline Natural Gas,Diesel Oil,,,,,12/1/1970,Operating,524,,,,,,
NY,Ravenswood Generating Station,2500,CT02-3,,2019,"CSNOX, CSOSG2, CSSO2G1, RGGI",2,NPCC,Queens County,NY081,81,Electric Utility,40.7585,-73.9451,"Helix Ravenswood, LLC","Helix Ravenswood, LLC",Kathy French (605624),"Tanja Grzeskowitz (606620) (Ended Jan 08, 2019)<br>Aaron J Scott (609064) (Started Jan 08, 2019)",,,Combustion turbine,Pipeline Natural Gas,Diesel Oil,,,,,12/1/1970,Operating,524,,,,,,
NY,Ravenswood Generating Station,2500,CT02-4,,2019,"CSNOX, CSOSG2, CSSO2G1, RGGI",2,NPCC,Queens County,NY081,81,Electric Utility,40.7585,-73.9451,"Helix Ravenswood, LLC","Helix Ravenswood, LLC",Kathy French (605624),"Tanja Grzeskowitz (606620) (Ended Jan 08, 2019)<br>Aaron J Scott (609064) (Started Jan 08, 2019)",,,Combustion turbine,Pipeline Natural Gas,Diesel Oil,,,,,12/1/1970,Operating,524,,,,,,
NY,Ravenswood Generating Station,2500,CT03-1,,2019,"CSNOX, CSOSG2, CSSO2G1, RGGI",2,NPCC,Queens County,NY081,81,Electric Utility,40.7585,-73.9451,"Helix Ravenswood, LLC","Helix Ravenswood, LLC",Kathy French (605624),"Tanja Grzeskowitz (606620) (Ended Jan 08, 2019)<br>Aaron J Scott (609064) (Started Jan 08, 2019)",,,Combustion turbine,Pipeline Natural Gas,Diesel Oil,,,,,8/1/1970,Operating,524,,,,,,
NY,Ravenswood Generating Station,2500,CT03-2,,2019,"CSNOX, CSOSG2, CSSO2G1, RGGI",2,NPCC,Queens County,NY081,81,Electric Utility,40.7585,-73.9451,"Helix Ravenswood, LLC","Helix Ravenswood, LLC",Kathy French (605624),"Tanja Grzeskowitz (606620) (Ended Jan 08, 2019)<br>Aaron J Scott (609064) (Started Jan 08, 2019)",,,Combustion turbine,Pipeline Natural Gas,Diesel Oil,,,,,8/1/1970,Operating,524,,,,,,
NY,Ravenswood Generating Station,2500,CT03-3,,2019,"CSNOX, CSOSG2, CSSO2G1, RGGI",2,NPCC,Queens County,NY081,81,Electric Utility,40.7585,-73.9451,"Helix Ravenswood, LLC","Helix Ravenswood, LLC",Kathy French (605624),"Tanja Grzeskowitz (606620) (Ended Jan 08, 2019)<br>Aaron J Scott (609064) (Started Jan 08, 2019)",,,Combustion turbine,Pipeline Natural Gas,Diesel Oil,,,,,8/1/1970,Operating,524,,,,,,
NY,Ravenswood Generating Station,2500,CT03-4,,2019,"CSNOX, CSOSG2, CSSO2G1, RGGI",2,NPCC,Queens County,NY081,81,Electric Utility,40.7585,-73.9451,"Helix Ravenswood, LLC","Helix Ravenswood, LLC",Kathy French (605624),"Tanja Grzeskowitz (606620) (Ended Jan 08, 2019)<br>Aaron J Scott (609064) (Started Jan 08, 2019)",,,Combustion turbine,Pipeline Natural Gas,Diesel Oil,,,,,8/1/1970,Operating,524,,,,,,
NY,Hillburn,2628,1,,2019,"CSNOX, CSOSG2, CSSO2G1, RGGI",2,NPCC,Rockland County,NY087,87,Electric Utility,41.1269,-74.1653,"AER NY-GEN, LLC","AER NY-GEN, LLC",Greg Sharland (2129),Walter J Relling (602898),,,Combustion turbine,Pipeline Natural Gas,Diesel Oil,,,,,4/1/1971,Operating,650,,,,,,
NY,Shoemaker,2632,1,,2019,"CSNOX, CSOSG2, CSSO2G1, RGGI",2,NPCC,Orange County,NY071,71,Electric Utility,41.4278,-74.4186,"AER NY-GEN, LLC","AER NY-GEN, LLC",Greg Sharland (2129),Walter J Relling (602898),,,Combustion turbine,Pipeline Natural Gas,Diesel Oil,,,,,5/1/1971,Operating,650,,,,,,
NY,E F Barrett,2511,U00012,CP001,2019,"CSNOX, CSOSG2, CSSO2G1, RGGI",2,,Nassau County,NY059,59,Electric Utility,40.6169,-73.6486,National Grid Generation LLC,National Grid Generation LLC,James P Flannery (606257),,,,Combustion turbine,Pipeline Natural Gas,Diesel Oil,,,,,7/1/1970,Operating,270,,,,,,
NY,E F Barrett,2511,U00013,CP001,2019,"CSNOX, CSOSG2, CSSO2G1, RGGI",2,,Nassau County,NY059,59,Electric Utility,40.6169,-73.6486,National Grid Generation LLC,National Grid Generation LLC,James P Flannery (606257),,,,Combustion turbine,Pipeline Natural Gas,Diesel Oil,,,,,7/1/1970,Operating,270,,,,,,
NY,E F Barrett,2511,U00014,CP001,2019,"CSNOX, CSOSG2, CSSO2G1, RGGI",2,,Nassau County,NY059,59,Electric Utility,40.6169,-73.6486,National Grid Generation LLC,National Grid Generation LLC,James P Flannery (606257),,,,Combustion turbine,Pipeline Natural Gas,Diesel Oil,,,,,7/1/1970,Operating,270,,,,,,
NY,E F Barrett,2511,U00015,CP001,2019,"CSNOX, CSOSG2, CSSO2G1, RGGI",2,,Nassau County,NY059,59,Electric Utility,40.6169,-73.6486,National Grid Generation LLC,National Grid Generation LLC,James P Flannery (606257),,,,Combustion turbine,Pipeline Natural Gas,Diesel Oil,,,,,7/1/1970,Operating,270,,,,,,
NY,E F Barrett,2511,U00016,CP001,2019,"CSNOX, CSOSG2, CSSO2G1, RGGI",2,,Nassau County,NY059,59,Electric Utility,40.6169,-73.6486,National Grid Generation LLC,National Grid Generation LLC,James P Flannery (606257),,,,Combustion turbine,Pipeline Natural Gas,Diesel Oil,,,,,7/1/1970,Operating,270,,,,,,
NY,E F Barrett,2511,U00017,CP001,2019,"CSNOX, CSOSG2, CSSO2G1, RGGI",2,,Nassau County,NY059,59,Electric Utility,40.6169,-73.6486,National Grid Generation LLC,National Grid Generation LLC,James P Flannery (606257),,,,Combustion turbine,Pipeline Natural Gas,Diesel Oil,,,,,7/1/1970,Operating,270,,,,,,
NY,E F Barrett,2511,U00018,CP001,2019,"CSNOX, CSOSG2, CSSO2G1, RGGI",2,,Nassau County,NY059,59,Electric Utility,40.6169,-73.6486,National Grid Generation LLC,National Grid Generation LLC,James P Flannery (606257),,,,Combustion turbine,Pipeline Natural Gas,Diesel Oil,,,,,7/1/1970,Operating,270,,,,,,
NY,E F Barrett,2511,U00019,CP001,2019,"CSNOX, CSOSG2, CSSO2G1, RGGI",2,,Nassau County,NY059,59,Electric Utility,40.6169,-73.6486,National Grid Generation LLC,National Grid Generation LLC,James P Flannery (606257),,,,Combustion turbine,Pipeline Natural Gas,Diesel Oil,,,,,7/1/1970,Operating,270,,,,,,
NY,Glenwood Landing Energy Center,7869,UGT012,,2019,"ARP, CSNOX, CSOSG2, CSSO2G1, RGGI",2,,Nassau County,NY059,59,Electric Utility,40.8275,-73.6478,National Grid Glenwood Energy Center LLC,National Grid Glenwood Energy Center LLC,James P Flannery (606257),,Phase 2,,Combustion turbine,Pipeline Natural Gas,Diesel Oil,,Water Injection<br>Selective Catalytic Reduction,,,6/1/2002,Operating,457,,,,,,
NY,Glenwood Landing Energy Center,7869,UGT013,,2019,"ARP, CSNOX, CSOSG2, CSSO2G1, RGGI",2,,Nassau County,NY059,59,Electric Utility,40.8275,-73.6478,National Grid Glenwood Energy Center LLC,National Grid Glenwood Energy Center LLC,James P Flannery (606257),,Phase 2,,Combustion turbine,Pipeline Natural Gas,Diesel Oil,,Water Injection<br>Selective Catalytic Reduction,,,6/1/2002,Operating,457,,,,,,
NY,Port Jefferson Energy Center,2517,UGT002,,2019,"ARP, CSNOX, CSOSG2, CSSO2G1, RGGI",2,,Suffolk County,NY103,103,Electric Utility,40.9503,-73.0786,National Grid Port Jefferson Energy Center LLC,National Grid Port Jefferson Energy Center LLC,James P Flannery (606257),,Phase 2,,Combustion turbine,Pipeline Natural Gas,Diesel Oil,,Water Injection<br>Selective Catalytic Reduction,,,7/1/2002,Operating,480,,,,,,
NY,Port Jefferson Energy Center,2517,UGT003,,2019,"ARP, CSNOX, CSOSG2, CSSO2G1, RGGI",2,,Suffolk County,NY103,103,Electric Utility,40.9503,-73.0786,National Grid Port Jefferson Energy Center LLC,National Grid Port Jefferson Energy Center LLC,James P Flannery (606257),,Phase 2,,Combustion turbine,Pipeline Natural Gas,Diesel Oil,,Water Injection<br>Selective Catalytic Reduction,,,7/1/2002,Operating,457,,,,,,
NY,Somerset Operating Company  (Kintigh),6082,1,,2019,"ARP, CSNOX, CSOSG2, CSSO2G1, MATS, RGGI",2,NPCC,Niagara County,NY063,63,Electric Utility,43.3561,-78.6039,"Somerset Operating Company, LLC","Somerset Operating Company, LLC",John C Marabella (1490),Daniel L Heidemann Jr. (608220),Phase 2,Early Election,Dry bottom wall-fired boiler,Coal,Residual Oil,Wet Limestone,Selective Catalytic Reduction<br>Low NOx Burner Technology (Dry Bottom only),Electrostatic Precipitator,,8/17/1984,Operating,6280,,,,,,
NY,Covanta Niagara,50472,R1B01,,2019,"RGGI, SIPNOX",2,,Niagara County,NY063,63,Cogeneration,43.0839,-79.0056,"Covanta Niagara, LLC","Covanta Niagara, LLC",Chris Schifferli (607165),,,,Dry bottom wall-fired boiler,Natural Gas,,,Selective Non-catalytic Reduction,,,1/1/1980,Operating,440,,,,,,
NY,East River,2493,60,,2019,"ARP, CSNOX, CSOSG2, CSSO2G1, MATS, RGGI",2,,New York County,NY061,61,Cogeneration,40.7281,-73.9742,"Consolidated Edison of New York, Inc.","Consolidated Edison of New York, Inc.",Andrea Schmitz (607301),Constantine Sanoulis (607630),Phase 2,,Dry bottom wall-fired boiler,Pipeline Natural Gas,Residual Oil,,,,,9/1/1951,Operating,1930,,,,,,
NY,East River,2493,70,,2019,"ARP, CSNOX, CSOSG2, CSSO2G1, MATS, RGGI",2,,New York County,NY061,61,Electric Utility,40.7281,-73.9742,"Consolidated Edison of New York, Inc.","Consolidated Edison of New York, Inc.",Andrea Schmitz (607301),Constantine Sanoulis (607630),Phase 2,,Dry bottom wall-fired boiler,Pipeline Natural Gas,Residual Oil,,,,,1/1/1955,Operating,1982,,,,,,
NY,Arthur Kill,2490,20,CS0002,2019,"ARP, CSNOX, CSOSG2, CSSO2G1, RGGI",2,NPCC,Richmond County,NY085,85,Electric Utility,40.5915,-74.2027,"Arthur Kill Power, LLC","NRG Energy, Inc",John T McKenna Jr. (607083),Frank Ameo (1243),Phase 2,,Dry bottom wall-fired boiler,Pipeline Natural Gas,,,,,,8/1/1959,Operating,3717,,,,,,
NY,Bowline Generating Station,2625,2,,2019,"ARP, CSNOX, CSOSG2, CSSO2G1, MATS, RGGI",2,,Rockland County,NY087,87,Electric Utility,41.2044,-73.9689,"GenOn Bowline, LLC","GenOn Bowline, LLC","Gerard Lafond (609131) (Ended Sep 24, 2019)<br>David Freysinger (609503) (Started Sep 24, 2019) (Ended Sep 26, 2019)<br>Mark A Gouveia (1427) (Started Sep 26, 2019)","Mark A Gouveia (1427) (Ended Sep 24, 2019)<br>Randall Lack (2843) (Started Sep 24, 2019) (Ended Sep 26, 2019)<br>Gerard Lafond (609131) (Started Sep 26, 2019)",Phase 2,,Dry bottom wall-fired boiler,Pipeline Natural Gas,Residual Oil,,Overfire Air,,,5/1/1974,Operating,7600,,,,,,
NY,Astoria Generating Station,8906,20,,2019,"ARP, CSNOX, CSOSG2, CSSO2G1, RGGI",2,,Queens County,NY081,81,Electric Utility,40.7869,-73.9122,"Astoria Generating Company, LP","Astoria Operating Services, Inc.",Andrew Oliver (601740),,Phase 2,,Dry bottom wall-fired boiler,Pipeline Natural Gas,,,,,,1/1/1953,Operating,2300,,,,,,
NY,Astoria Generating Station,8906,31RH,CP30,2019,"ARP, CSNOX, CSOSG2, CSSO2G1, RGGI",2,,Queens County,NY081,81,Electric Utility,40.7869,-73.9122,"Astoria Generating Company, LP","Astoria Operating Services, Inc.",Andrew Oliver (601740),,Phase 2,,Dry bottom wall-fired boiler,Pipeline Natural Gas,Residual Oil,,,,,9/1/1958,Operating,3984,,,,,,
NY,Astoria Generating Station,8906,32SH,CP30,2019,"ARP, CSNOX, CSOSG2, CSSO2G1, RGGI",2,,Queens County,NY081,81,Electric Utility,40.7869,-73.9122,"Astoria Generating Company, LP","Astoria Operating Services, Inc.",Andrew Oliver (601740),,Phase 2,,Dry bottom wall-fired boiler,Pipeline Natural Gas,Residual Oil,,,,,9/1/1958,Operating,3984,,,,,,
NY,Covanta Niagara,50472,R1B02,,2019,"RGGI, SIPNOX",2,,Niagara County,NY063,63,Cogeneration,43.0839,-79.0056,"Covanta Niagara, LLC","Covanta Niagara, LLC",Chris Schifferli (607165),,,,Dry bottom wall-fired boiler,Pipeline Natural Gas,,,Selective Non-catalytic Reduction,,,1/1/1980,Operating,440,,,,,,
NY,Oswego Harbor Power,2594,5,,2019,"ARP, CSNOX, CSOSG2, CSSO2G1, MATS, RGGI",2,NPCC,Oswego County,NY075,75,Electric Utility,43.46,-76.53,"Oswego Harbor Power, LLC","Oswego Harbor Power, LLC","Kerry A Colville (608783) (Ended Apr 03, 2019)<br>Kevin Mixon (607936) (Started Apr 03, 2019) (Ended Jul 09, 2019)<br>Dane A Devanney (608565) (Started Jul 09, 2019)",Frank Ameo (1243),Phase 2,,Dry bottom wall-fired boiler,Residual Oil,Pipeline Natural Gas,,Overfire Air,,,1/1/1977,Operating,9422,,,,,,
NY,Oswego Harbor Power,2594,6,,2019,"ARP, CSNOX, CSOSG2, CSSO2G1, MATS, RGGI",2,NPCC,Oswego County,NY075,75,Electric Utility,43.46,-76.53,"Oswego Harbor Power, LLC","Oswego Harbor Power, LLC","Kerry A Colville (608783) (Ended Apr 03, 2019)<br>Kevin Mixon (607936) (Started Apr 03, 2019) (Ended Jul 09, 2019)<br>Dane A Devanney (608565) (Started Jul 09, 2019)",Frank Ameo (1243),Phase 2,,Dry bottom wall-fired boiler,Residual Oil,Pipeline Natural Gas,,,,,1/1/1980,Operating,9491,,,,,,
NY,"Cayuga Operating Company, LLC",2535,1,"CSM001, CSM002, CSM003",2019,"ARP, CSNOX, CSOSG2, CSSO2G1, MATS, RGGI",2,NPCC,Tompkins County,NY109,109,Electric Utility,42.6028,-76.6336,"Cayuga Operating Company, LLC","Cayuga Operating Company, LLC",Jeff D Lamphere (604073),John C Marabella (1490),Table 1,Phase 1 Group 1,Tangentially-fired,Coal,Residual Oil,Wet Limestone,Low NOx Burner Technology w/ Closed-coupled/Separated OFA<br>Selective Catalytic Reduction,Electrostatic Precipitator,,8/1/1955,Operating,1980,,,,,,
NY,"Cayuga Operating Company, LLC",2535,2,"CSM001, CSM002, CSM003",2019,"ARP, CSNOX, CSOSG2, CSSO2G1, MATS, RGGI",2,NPCC,Tompkins County,NY109,109,Electric Utility,42.6028,-76.6336,"Cayuga Operating Company, LLC","Cayuga Operating Company, LLC",Jeff D Lamphere (604073),John C Marabella (1490),Table 1,Phase 1 Group 1,Tangentially-fired,Coal,Residual Oil,Wet Limestone,Low NOx Burner Technology w/ Closed-coupled/Separated OFA,Electrostatic Precipitator,,9/1/1958,Operating,2072,,,,,,
NY,NRG Dunkirk Power,2554,1,,2019,"ARP, CSNOX, CSOSG2, CSSO2G1, MATS, RGGI",2,NPCC,Chautauqua County,NY013,13,Electric Utility,42.49,-79.35,Dunkirk Power LLC,"NRG Energy, Inc",Frank Ameo (1243),Patrick Yough (603651),Phase 2,Early Election,Tangentially-fired,Coal,,,Low NOx Burner Technology w/ Closed-coupled OFA,Baghouse,,1/1/1950,Operating,975,,,,,,
NY,NRG Dunkirk Power,2554,2,,2019,"ARP, CSNOX, CSOSG2, CSSO2G1, MATS, RGGI",2,NPCC,Chautauqua County,NY013,13,Electric Utility,42.49,-79.35,Dunkirk Power LLC,"NRG Energy, Inc",Frank Ameo (1243),Patrick Yough (603651),Phase 2,Early Election,Tangentially-fired,Coal,,,Low NOx Burner Technology w/ Closed-coupled OFA<br>Selective Non-catalytic Reduction,Baghouse,Halogenated PAC Sorbent Injection,1/1/1950,Operating,950,,,,,,
NY,NRG Dunkirk Power,2554,3,CS0003,2019,"ARP, CSNOX, CSOSG2, CSSO2G1, MATS, RGGI",2,NPCC,Chautauqua County,NY013,13,Electric Utility,42.49,-79.35,Dunkirk Power LLC,"NRG Energy, Inc",Frank Ameo (1243),Patrick Yough (603651),Table 1,Phase 1 Group 1,Tangentially-fired,Coal,,,Low NOx Burner Technology w/ Separated OFA,Baghouse,,1/1/1959,Operating,2250,,,,,,
NY,NRG Dunkirk Power,2554,4,CS0003,2019,"ARP, CSNOX, CSOSG2, CSSO2G1, MATS, RGGI",2,NPCC,Chautauqua County,NY013,13,Electric Utility,42.49,-79.35,Dunkirk Power LLC,"NRG Energy, Inc",Frank Ameo (1243),Patrick Yough (603651),Table 1,Phase 1 Group 1,Tangentially-fired,Coal,,,Low NOx Burner Technology w/ Separated OFA,Baghouse,,1/1/1959,Operating,2250,,,,,,
NY,Arthur Kill,2490,30,CS0002,2019,"ARP, CSNOX, CSOSG2, CSSO2G1, RGGI",2,NPCC,Richmond County,NY085,85,Electric Utility,40.5915,-74.2027,"Arthur Kill Power, LLC","NRG Energy, Inc",John T McKenna Jr. (607083),Frank Ameo (1243),Phase 2,,Tangentially-fired,Pipeline Natural Gas,,,,,,6/1/1969,Operating,5502,,,,,,
NY,Greenidge Generation LLC,2527,6,,2019,"ARP, CSNOX, CSOSG2, CSSO2G1, RGGI",2,NPCC,Yates County,NY123,123,Electric Utility,42.6789,-76.9483,Greenidge Generation LLC,Greenidge Generation LLC,Dale Irwin (605956),Kenneth A Scott (608805),Table 1,Phase 1 Group 1,Tangentially-fired,Pipeline Natural Gas,Wood,Dry Lime FGD,Low NOx Burner Technology w/ Closed-coupled OFA<br>Selective Catalytic Reduction,Electrostatic Precipitator<br>Baghouse,,11/1/1953,Operating,1117,,,,,,
NY,Bowline Generating Station,2625,1,,2019,"ARP, CSNOX, CSOSG2, CSSO2G1, MATS, RGGI",2,,Rockland County,NY087,87,Electric Utility,41.2044,-73.9689,"GenOn Bowline, LLC","GenOn Bowline, LLC","Gerard Lafond (609131) (Ended Sep 24, 2019)<br>David Freysinger (609503) (Started Sep 24, 2019) (Ended Sep 26, 2019)<br>Mark A Gouveia (1427) (Started Sep 26, 2019)","Mark A Gouveia (1427) (Ended Sep 24, 2019)<br>Randall Lack (2843) (Started Sep 24, 2019) (Ended Sep 26, 2019)<br>Gerard Lafond (609131) (Started Sep 26, 2019)",Phase 2,,Tangentially-fired,Pipeline Natural Gas,Residual Oil,,Low NOx Burner Technology w/ Closed-coupled OFA,,,9/1/1972,Operating,7000,,,,,,
NY,Danskammer Generating Station,2480,1,,2019,"ARP, CSNOX, CSOSG2, CSSO2G1, RGGI",2,NPCC,Orange County,NY071,71,Electric Utility,41.573,-73.9646,"Danskammer Energy, LLC","Danskammer Energy, LLC",Ed Hall (608967),Susanne May (607620),Phase 2,,Tangentially-fired,Pipeline Natural Gas,Residual Oil,,,,,1/1/1951,Operating,1654,,,,,,
NY,Danskammer Generating Station,2480,2,,2019,"ARP, CSNOX, CSOSG2, CSSO2G1, RGGI",2,NPCC,Orange County,NY071,71,Electric Utility,41.573,-73.9646,"Danskammer Energy, LLC","Danskammer Energy, LLC",Ed Hall (608967),Susanne May (607620),Phase 2,,Tangentially-fired,Pipeline Natural Gas,Residual Oil,,,,,1/1/1954,Operating,955.7,,,,,,
NY,Danskammer Generating Station,2480,3,,2019,"ARP, CSNOX, CSOSG2, CSSO2G1, RGGI",2,NPCC,Orange County,NY071,71,Electric Utility,41.573,-73.9646,"Danskammer Energy, LLC","Danskammer Energy, LLC",Ed Hall (608967),Susanne May (607620),Phase 2,Phase 2 Group 1,Tangentially-fired,Pipeline Natural Gas,,,Low NOx Burner Technology w/ Separated OFA,Electrostatic Precipitator,,10/1/1959,Operating,3260,,,,,,
NY,Danskammer Generating Station,2480,4,,2019,"ARP, CSNOX, CSOSG2, CSSO2G1, RGGI",2,NPCC,Orange County,NY071,71,Electric Utility,41.573,-73.9646,"Danskammer Energy, LLC","Danskammer Energy, LLC",Ed Hall (608967),Susanne May (607620),Phase 2,Phase 2 Group 1,Tangentially-fired,Pipeline Natural Gas,,,Low NOx Burner Technology w/ Separated OFA,Electrostatic Precipitator,,9/1/1967,Operating,2419,,,,,,
NY,Ravenswood Generating Station,2500,10,,2019,"ARP, CSNOX, CSOSG2, CSSO2G1, RGGI",2,NPCC,Queens County,NY081,81,Electric Utility,40.7585,-73.9451,"Helix Ravenswood, LLC","Helix Ravenswood, LLC",Kathy French (605624),"Tanja Grzeskowitz (606620) (Ended Jan 08, 2019)<br>Aaron J Scott (609064) (Started Jan 08, 2019)",Phase 2,,Tangentially-fired,Pipeline Natural Gas,Residual Oil,,Overfire Air,,,2/1/1963,Operating,4204,,,,,,
NY,Ravenswood Generating Station,2500,30,,2019,"ARP, CSNOX, CSOSG2, CSSO2G1, MATS, RGGI",2,NPCC,Queens County,NY081,81,Electric Utility,40.7585,-73.9451,"Helix Ravenswood, LLC","Helix Ravenswood, LLC",Kathy French (605624),"Tanja Grzeskowitz (606620) (Ended Jan 08, 2019)<br>Aaron J Scott (609064) (Started Jan 08, 2019)",Phase 2,,Tangentially-fired,Pipeline Natural Gas,Residual Oil,,,,,6/1/1965,Operating,9379,,,,,,
NY,Astoria Generating Station,8906,41SH,"CPG45A, CPO40",2019,"ARP, CSNOX, CSOSG2, CSSO2G1, RGGI",2,,Queens County,NY081,81,Electric Utility,40.7869,-73.9122,"Astoria Generating Company, LP","Astoria Operating Services, Inc.",Andrew Oliver (601740),,Phase 2,,Tangentially-fired,Pipeline Natural Gas,Residual Oil,,,,,9/1/1958,Operating,4074,,,,,,
NY,Astoria Generating Station,8906,42RH,"CPG45A, CPO40",2019,"ARP, CSNOX, CSOSG2, CSSO2G1, RGGI",2,,Queens County,NY081,81,Electric Utility,40.7869,-73.9122,"Astoria Generating Company, LP","Astoria Operating Services, Inc.",Andrew Oliver (601740),,Phase 2,,Tangentially-fired,Pipeline Natural Gas,Residual Oil,,,,,9/1/1958,Operating,4074,,,,,,
NY,Astoria Generating Station,8906,51RH,"CPG45A, CPO50",2019,"ARP, CSNOX, CSOSG2, CSSO2G1, RGGI",2,,Queens County,NY081,81,Electric Utility,40.7869,-73.9122,"Astoria Generating Company, LP","Astoria Operating Services, Inc.",Andrew Oliver (601740),,Phase 2,,Tangentially-fired,Pipeline Natural Gas,Residual Oil,,,,,5/1/1962,Operating,4094,,,,,,
NY,Astoria Generating Station,8906,52SH,"CPG45A, CPO50",2019,"ARP, CSNOX, CSOSG2, CSSO2G1, RGGI",2,,Queens County,NY081,81,Electric Utility,40.7869,-73.9122,"Astoria Generating Company, LP","Astoria Operating Services, Inc.",Andrew Oliver (601740),,Phase 2,,Tangentially-fired,Pipeline Natural Gas,Residual Oil,,,,,5/1/1962,Operating,4094,,,,,,
NY,E F Barrett,2511,10,,2019,"ARP, CSNOX, CSOSG2, CSSO2G1, RGGI",2,,Nassau County,NY059,59,Electric Utility,40.6169,-73.6486,National Grid Generation LLC,National Grid Generation LLC,James P Flannery (606257),,Phase 2,,Tangentially-fired,Pipeline Natural Gas,Residual Oil,,,,,1/1/1956,Operating,2300,,,,,,
NY,E F Barrett,2511,20,,2019,"ARP, CSNOX, CSOSG2, CSSO2G1, RGGI",2,,Nassau County,NY059,59,Electric Utility,40.6169,-73.6486,National Grid Generation LLC,National Grid Generation LLC,James P Flannery (606257),,Phase 2,,Tangentially-fired,Pipeline Natural Gas,Residual Oil,,Overfire Air,,,1/1/1963,Operating,2000,,,,,,
NY,Northport,2516,1,,2019,"ARP, CSNOX, CSOSG2, CSSO2G1, MATS, RGGI",2,,Suffolk County,NY103,103,Electric Utility,40.9231,-73.3417,National Grid Generation LLC,National Grid Generation LLC,James P Flannery (606257),,Table 1,,Tangentially-fired,Pipeline Natural Gas,Residual Oil,,Overfire Air<br>Low NOx Burner Technology w/ Separated OFA,Electrostatic Precipitator,,1/1/1967,Operating,3900,,,,,,
NY,Northport,2516,2,,2019,"ARP, CSNOX, CSOSG2, CSSO2G1, MATS, RGGI",2,,Suffolk County,NY103,103,Electric Utility,40.9231,-73.3417,National Grid Generation LLC,National Grid Generation LLC,James P Flannery (606257),,Table 1,,Tangentially-fired,Pipeline Natural Gas,Residual Oil,,Overfire Air<br>Low NOx Burner Technology w/ Separated OFA,Electrostatic Precipitator,,1/1/1968,Operating,3900,,,,,,
NY,Northport,2516,4,,2019,"ARP, CSNOX, CSOSG2, CSSO2G1, MATS, RGGI",2,,Suffolk County,NY103,103,Electric Utility,40.9231,-73.3417,National Grid Generation LLC,National Grid Generation LLC,James P Flannery (606257),,Phase 2,,Tangentially-fired,Pipeline Natural Gas,Residual Oil,,Overfire Air<br>Low NOx Burner Technology w/ Separated OFA,Electrostatic Precipitator,,1/1/1977,Operating,3800,,,,,,
NY,Port Jefferson Energy Center,2517,3,,2019,"ARP, CSNOX, CSOSG2, CSSO2G1, MATS, RGGI",2,,Suffolk County,NY103,103,Electric Utility,40.9503,-73.0786,National Grid Generation LLC,National Grid Generation LLC,James P Flannery (606257),,Table 1,,Tangentially-fired,Pipeline Natural Gas,Residual Oil,,Overfire Air<br>Low NOx Burner Technology w/ Separated OFA,Electrostatic Precipitator,,1/1/1958,Operating,2075,,,,,,
NY,Port Jefferson Energy Center,2517,4,,2019,"ARP, CSNOX, CSOSG2, CSSO2G1, MATS, RGGI",2,,Suffolk County,NY103,103,Electric Utility,40.9503,-73.0786,National Grid Generation LLC,National Grid Generation LLC,James P Flannery (606257),,Table 1,,Tangentially-fired,Pipeline Natural Gas,Residual Oil,,Overfire Air<br>Low NOx Burner Technology w/ Separated OFA,Electrostatic Precipitator,,1/1/1960,Operating,2100,,,,,,
NY,Roseton Generating LLC,8006,1,,2019,"ARP, CSNOX, CSOSG2, CSSO2G1, MATS, RGGI",2,NPCC,Orange County,NY071,71,Electric Utility,41.5711,-73.9739,Castleton Commodity International,Castleton Commodity International,Howard Kimlin (607096),Eric Shaw (606640),Phase 2,,Tangentially-fired,Residual Oil,Pipeline Natural Gas,,Other,Cyclone,,12/1/1974,Operating,7031,,,,,,
NY,Roseton Generating LLC,8006,2,,2019,"ARP, CSNOX, CSOSG2, CSSO2G1, MATS, RGGI",2,NPCC,Orange County,NY071,71,Electric Utility,41.5711,-73.9739,Castleton Commodity International,Castleton Commodity International,Howard Kimlin (607096),Eric Shaw (606640),Phase 2,,Tangentially-fired,Residual Oil,Pipeline Natural Gas,,Other,Cyclone,,9/1/1974,Operating,6987,,,,,,
NY,Ravenswood Generating Station,2500,20,,2019,"ARP, CSNOX, CSOSG2, CSSO2G1, MATS, RGGI",2,NPCC,Queens County,NY081,81,Electric Utility,40.7585,-73.9451,"Helix Ravenswood, LLC","Helix Ravenswood, LLC",Kathy French (605624),"Tanja Grzeskowitz (606620) (Ended Jan 08, 2019)<br>Aaron J Scott (609064) (Started Jan 08, 2019)",Phase 2,,Tangentially-fired,Residual Oil,Pipeline Natural Gas,,Overfire Air,,,5/1/1963,Operating,4171,,,,,,
NY,Northport,2516,3,,2019,"ARP, CSNOX, CSOSG2, CSSO2G1, MATS, RGGI",2,,Suffolk County,NY103,103,Electric Utility,40.9231,-73.3417,National Grid Generation LLC,National Grid Generation LLC,James P Flannery (606257),,Table 1,,Tangentially-fired,Residual Oil,Pipeline Natural Gas,,Overfire Air<br>Low NOx Burner Technology w/ Separated OFA,Electrostatic Precipitator,,1/1/1972,Operating,3900,,,,,,
